1,1,3
2,1,4
3,1,5
4,2,2
5,2,4
6,2,9
7,3,5
8,3,14
9,4,5
10,4,8
11,5,5
12,6,1
13,6,6
14,6,16
15,7,5
16,7,14
17,8,2
18,8,4
19,9,1
20,10,1
21,10,2
22,10,16
23,11,5
24,11,8
25,11,14
26,12,5
27,12,11
28,13,3
29,13,4
30,14,8
31,15,1
32,15,2
33,15,14
34,16,8
35,16,16
36,17,8
37,17,14
38,18,16
39,19,5
40,20,1
41,21,1
42,21,5
43,21,8
44,22,6
45,22,8
46,22,16
47,23,16
48,24,8
49,24,15
50,25,8
51,25,14
52,26,8
53,27,8
54,28,14
55,29,2
56,29,15
57,30,8
58,31,8
59,32,8
60,32,15
61,33,2
62,33,14
63,34,4
64,34,5
65,34,8
66,35,8
67,35,14
68,36,8
69,37,7
70,38,5
71,39,5
72,39,14
73,40,8
74,41,8
75,41,17
76,42,1
77,42,6
78,42,8
79,43,8
80,44,1
81,44,2
82,45,5
83,45,8
84,46,8
85,46,14
86,47,6
87,47,16
88,48,3
89,48,4
90,48,12
91,48,14
92,49,8
93,49,14
94,50,6
95,50,16
96,51,1
97,51,8
98,51,16
99,52,5
100,53,8
101,54,4
102,54,5
103,55,8
104,56,2
105,56,4
106,56,9
107,57,8
108,58,8
109,58,14
110,59,8
111,59,13
112,60,2
113,60,4
114,60,9
115,61,8
116,61,16
117,62,8
118,63,5
119,64,5
120,64,14
121,65,5
122,66,15
123,66,16
124,67,8
125,68,5
126,68,14
127,69,5
128,70,1
129,70,5
130,70,6
131,70,11
132,70,16
133,71,1
134,72,5
135,72,8
136,73,8
137,73,12
138,74,8
139,74,14
140,75,5
141,75,8
142,76,15
143,76,16
144,77,7
145,78,8
146,79,8
147,79,16
148,80,8
149,81,6
150,81,8
151,81,14
152,82,8
153,83,8
154,84,5
155,84,8
156,85,8
157,85,14
158,86,2
159,86,8
160,87,4
161,87,5
162,88,5
163,89,1
164,89,16
165,90,8
166,91,8
167,91,16
168,92,5
169,92,14
170,93,8
171,94,1
172,94,16
173,95,5
174,96,8
175,97,1
176,97,16
177,98,7
178,99,8
179,99,16
180,100,5
181,101,5
182,102,16
183,103,5
184,104,8
185,104,14
186,105,5
187,105,8
188,106,2
189,106,4
190,106,5
191,106,12
192,107,7
193,108,5
194,109,1
195,109,8
196,109,17
197,110,8
198,110,16
199,111,1
200,111,2
201,111,6
202,112,8
203,112,13
204,113,8
205,114,5
206,115,7
207,116,6
208,117,5
209,117,14
210,118,5
211,119,8
212,120,8
213,121,5
214,121,14
215,122,8
216,122,13
217,122,14
218,123,8
219,124,5
220,125,2
221,125,4
222,125,9
223,126,8
224,127,7
225,128,5
226,128,14
227,129,8
228,130,8
229,130,14
230,131,16
231,132,5
232,132,8
233,133,7
234,134,5
235,135,7
236,136,7
237,137,8
238,138,1
239,138,8
240,139,8
241,139,14
242,140,5
243,141,8
244,142,8
245,143,5
246,144,1
247,145,2
248,145,4
249,146,8
250,147,8
251,148,6
252,148,8
253,148,16
254,149,8
255,150,8
256,150,14
257,150,17
258,151,11
259,152,1
260,152,2
261,152,5
262,152,6
263,153,8
264,154,8
265,154,17
266,155,5
267,156,5
268,156,17
269,157,2
270,157,4
271,158,8
272,159,1
273,159,2
274,159,13
275,159,15
276,160,8
277,160,16
278,160,17
279,161,7
280,162,1
281,162,14
282,162,16
283,163,6
284,163,10
285,163,13
286,163,16
287,164,1
288,164,16
289,165,5
290,165,8
291,166,8
292,167,1
293,167,2
294,167,8
295,167,14
296,168,2
297,168,4
298,168,8
299,169,1
300,169,6
301,169,16
302,170,5
303,171,1
304,171,15
305,171,16
306,172,1
307,172,2
308,172,15
309,173,5
310,174,8
311,175,5
312,176,11
313,177,5
314,178,8
315,178,14
316,179,5
317,180,1
318,180,4
319,181,8
320,181,14
321,182,16
322,183,8
323,184,15
324,184,16
325,185,5
326,186,5
327,187,11
328,188,5
329,189,16
330,190,8
331,191,7
332,192,8
333,193,8
334,194,5
335,194,8
336,194,14
337,195,11
338,195,15
339,196,8
340,197,1
341,197,6
342,197,15
343,198,8
344,198,12
345,199,16
346,200,8
347,201,8
348,201,14
349,202,5
350,203,1
351,204,5
352,204,8
353,205,7
354,206,8
355,206,14
356,207,1
357,207,2
358,208,8
359,209,18
360,210,8
361,211,5
362,212,8
363,213,8
364,214,8
365,214,14
366,215,5
367,216,8
368,216,16
369,217,5
370,217,8
371,218,8
372,219,11
373,220,8
374,220,14
375,221,5
376,222,5
377,222,8
378,222,14
379,223,8
380,223,16
381,224,16
382,225,1
383,226,5
384,227,8
385,227,16
386,228,8
387,228,16
388,229,5
389,230,5
390,230,8
391,231,8
392,232,5
393,233,5
394,233,8
395,234,5
396,234,14
397,235,5
398,235,14
399,236,2
400,236,4
401,237,3
402,237,4
403,237,5
404,237,14
405,238,16
406,239,4
407,239,8
408,240,8
409,240,12
410,241,5
411,242,3
412,242,4
413,243,6
414,243,8
415,244,7
416,245,8
417,245,9
418,245,14
419,245,16
420,246,5
421,247,8
422,247,14
423,248,4
424,248,5
425,249,1
426,250,5
427,250,14
428,251,8
429,251,11
430,252,8
431,253,5
432,254,5
433,254,15
434,255,13
435,255,16
436,256,2
437,256,4
438,256,5
439,256,9
440,256,14
441,257,6
442,257,8
443,257,16
444,258,1
445,258,2
446,258,9
447,258,15
448,259,8
449,260,4
450,260,8
451,261,8
452,262,8
453,263,8
454,263,14
455,264,8
456,264,14
457,264,17
458,264,18
459,265,5
460,266,8
461,267,8
462,268,8
463,268,14
464,269,8
465,270,8
466,271,8
467,271,11
468,272,5
469,273,5
470,274,5
471,274,14
472,275,8
473,276,5
474,277,8
475,278,8
476,278,16
477,279,8
478,280,8
479,281,6
480,281,8
481,282,1
482,282,6
483,283,8
484,283,11
485,284,1
486,284,15
487,284,16
488,285,5
489,285,14
490,286,1
491,286,16
492,287,5
493,287,14
494,288,6
495,288,8
496,289,16
497,290,1
498,290,8
499,290,16
500,291,6
501,291,8
502,291,14
503,291,16
504,292,5
505,292,14
506,293,5
507,293,14
508,294,6
509,294,8
510,295,8
511,296,5
512,297,8
513,298,8
514,299,8
515,299,14
516,300,8
517,300,14
518,301,1
519,301,2
520,301,18
521,302,5
522,302,8
523,303,5
524,304,8
525,305,8
526,306,8
527,307,8
528,308,5
529,309,11
530,309,16
531,310,5
532,311,3
533,311,4
534,312,8
535,313,1
536,314,1
537,314,2
538,314,15
539,315,4
540,315,5
541,315,9
542,316,8
543,317,16
544,318,10
545,318,16
546,319,8
547,320,5
548,320,8
549,321,5
550,322,5
551,323,8
552,324,1
553,324,5
554,324,12
555,324,15
556,325,11
557,326,1
558,326,2
559,326,15
560,327,5
561,327,11
562,328,8
563,329,11
564,329,15
565,330,5
566,331,8
567,332,13
568,332,16
569,333,8
570,333,17
571,334,8
572,335,15
573,335,16
574,336,5
575,336,14
576,337,2
577,337,8
578,338,8
579,339,5
580,339,14
581,340,4
582,341,5
583,342,5
584,342,8
585,343,8
586,343,12
587,344,8
588,345,5
589,346,1
590,346,2
591,346,16
592,347,8
593,347,13
594,347,16
595,348,5
596,348,8
597,348,14
598,349,5
599,350,1
600,350,14
601,350,16
602,351,8
603,352,4
604,352,5
605,353,5
606,353,14
607,353,17
608,354,5
609,354,14
610,355,8
611,356,5
612,356,8
613,356,14
614,357,1
615,357,5
616,358,8
617,358,14
618,359,2
619,359,4
620,359,14
621,360,7
622,361,3
623,361,4
624,361,12
625,362,8
626,363,11
627,364,5
628,364,6
629,364,9
630,365,1
631,365,5
632,365,18
633,366,8
634,367,5
635,368,5
636,368,8
637,369,5
638,369,8
639,370,16
640,371,4
641,371,5
642,372,8
643,373,1
644,373,16
645,374,1
646,374,14
647,374,16
648,375,5
649,375,14
650,376,1
651,376,15
652,377,1
653,377,2
654,377,5
655,377,14
656,378,8
657,379,8
658,379,11
659,380,18
660,381,1
661,382,8
662,383,8
663,384,1
664,384,5
665,385,8
666,386,8
667,386,14
668,386,17
669,387,1
670,387,5
671,387,8
672,388,6
673,388,8
674,389,2
675,389,4
676,390,1
677,391,1
678,392,8
679,393,8
680,394,11
681,395,7
682,396,8
683,397,8
684,398,1
685,398,16
686,399,5
687,400,5
688,400,6
689,400,8
690,401,7
691,402,1
692,402,15
693,403,8
694,404,11
695,404,16
696,405,8
697,406,8
698,407,5
699,408,5
700,409,8
701,410,5
702,411,5
703,412,5
704,412,16
705,413,18
706,414,5
707,414,14
708,415,8
709,416,5
710,417,1
711,417,5
712,418,2
713,418,4
714,419,16
715,420,1
716,420,16
717,421,8
718,422,8
719,422,14
720,423,11
721,423,15
722,423,16
723,424,13
724,424,14
725,424,16
726,425,8
727,426,5
728,427,8
729,428,6
730,428,8
731,429,5
732,429,18
733,430,5
734,431,1
735,431,2
736,431,6
737,432,5
738,432,15
739,433,8
740,433,16
741,434,5
742,435,1
743,435,5
744,436,8
745,437,5
746,437,14
747,438,5
748,439,1
749,439,15
750,440,7
751,441,5
752,441,14
753,442,5
754,443,8
755,443,14
756,444,5
757,444,14
758,445,8
759,446,5
760,447,5
761,447,8
762,448,8
763,448,13
764,448,14
765,449,8
766,450,5
767,451,8
768,451,16
769,452,2
770,452,4
771,452,8
772,453,8
773,454,1
774,454,16
775,455,8
776,455,18
777,456,1
778,457,5
779,458,8
780,458,14
781,459,1
782,459,2
783,460,6
784,460,8
785,460,16
786,461,1
787,461,2
788,461,6
789,461,16
790,462,1
791,462,8
792,462,17
793,463,1
794,463,5
795,463,17
796,464,5
797,465,5
798,465,14
799,466,8
800,466,14
801,467,5
802,468,5
803,468,14
804,469,5
805,469,8
806,470,5
807,470,17
808,471,1
809,471,16
810,472,8
811,473,5
812,473,8
813,474,8
814,475,5
815,476,1
816,477,1
817,477,2
818,477,15
819,478,8
820,478,16
821,479,16
822,480,8
823,481,2
824,481,4
825,482,1
826,482,5
827,483,5
828,484,5
829,484,18
830,485,8
831,486,5
832,487,16
833,488,8
834,489,5
835,489,13
836,490,1
837,490,6
838,490,8
839,491,1
840,491,16
841,492,8
842,493,5
843,493,8
844,493,14
845,494,5
846,494,14
847,495,8
848,495,14
849,496,5
850,496,14
851,497,5
852,498,8
853,499,1
854,499,4
855,500,8
856,501,1
857,501,15
858,502,5
859,503,8
860,504,1
861,504,8
862,505,8
863,506,8
864,506,14
865,507,8
866,508,1
867,508,8
868,509,11
869,509,15
870,510,5
871,510,13
872,510,14
873,511,5
874,512,8
875,513,5
876,513,8
877,513,17
878,514,1
879,514,8
880,514,13
881,515,5
882,516,15
883,516,16
884,517,5
885,518,6
886,518,16
887,519,1
888,519,8
889,520,8
890,521,8
891,522,8
892,523,8
893,524,8
894,524,17
895,525,8
896,526,8
897,527,8
898,528,4
899,528,8
900,529,5
901,529,6
902,529,11
903,530,1
904,531,8
905,531,14
906,532,8
907,533,8
908,534,5
909,534,8
910,535,8
911,536,5
912,536,14
913,537,16
914,538,10
915,538,15
916,539,5
917,540,5
918,540,14
919,540,16
920,541,1
921,542,8
922,543,1
923,543,2
924,543,4
925,543,15
926,544,1
927,544,2
928,544,16
929,545,1
930,546,7
931,547,5
932,547,14
933,548,4
934,548,5
935,548,12
936,549,1
937,549,2
938,549,5
939,550,18
940,551,16
941,552,1
942,552,6
943,552,14
944,553,7
945,554,8
946,555,1
947,555,2
948,555,3
949,555,4
950,555,9
951,556,5
952,557,8
953,558,16
954,559,5
955,559,8
956,560,8
957,561,5
958,562,11
959,563,5
960,563,14
961,564,8
962,565,5
963,565,8
964,566,4
965,566,5
966,567,5
967,567,8
968,568,8
969,569,8
970,570,8
971,571,5
972,571,8
973,572,4
974,572,5
975,573,5
976,574,2
977,574,4
978,575,8
979,575,13
980,576,16
981,577,8
982,578,7
983,579,5
984,580,5
985,580,8
986,581,8
987,582,5
988,583,4
989,583,5
990,584,5
991,584,14
992,584,16
993,585,3
994,585,4
995,585,5
996,585,12
997,586,1
998,586,15
999,586,16
1000,587,2
1001,587,8
1002,587,18
1003,588,1
1004,588,8
1005,588,16
1006,589,1
1007,589,2
1008,589,6
1009,589,8
1010,590,8
1011,590,16
1012,591,3
1013,591,4
1014,591,12
1015,592,3
1016,592,4
1017,592,12
1018,593,3
1019,593,4
1020,594,5
1021,594,14
1022,595,5
1023,596,18
1024,597,16
1025,598,8
1026,599,7
1027,600,5
1028,601,7
1029,602,8
1030,602,14
1031,603,11
1032,604,8
1033,605,6
1034,605,8
1035,605,16
1036,606,2
1037,606,4
1038,607,1
1039,607,2
1040,607,3
1041,607,11
1042,607,15
1043,608,1
1044,608,11
1045,608,15
1046,609,5
1047,610,8
1048,610,14
1049,611,8
1050,611,16
1051,612,8
1052,613,3
1053,613,4
1054,614,8
1055,615,5
1056,615,14
1057,616,5
1058,617,8
1059,618,8
1060,619,14
1061,620,1
1062,620,8
1063,620,16
1064,621,8
1065,622,5
1066,623,8
1067,623,16
1068,624,8
1069,624,16
1070,625,8
1071,626,8
1072,626,14
1073,627,3
1074,627,4
1075,627,12
1076,628,17
1077,629,5
1078,630,5
1079,631,5
1080,631,8
1081,632,8
1082,633,5
1083,634,14
1084,635,5
1085,636,8
1086,636,16
1087,637,5
1088,638,8
1089,639,5
1090,640,5
1091,641,8
1092,642,8
1093,642,17
1094,643,1
1095,643,2
1096,643,13
1097,644,5
1098,644,8
1099,645,8
1100,646,5
1101,647,13
1102,648,1
1103,648,2
1104,648,9
1105,649,8
1106,649,14
1107,650,5
1108,651,5
1109,652,5
1110,652,8
1111,653,8
1112,654,6
1113,654,16
1114,655,8
1115,656,3
1116,656,4
1117,656,12
1118,657,16
1119,658,5
1120,659,5
1121,660,17
1122,661,8
1123,662,1
1124,663,8
1125,664,8
1126,665,8
1127,666,5
1128,666,15
1129,667,8
1130,668,2
1131,668,3
1132,668,4
1133,668,5
1134,668,9
1135,669,2
1136,669,15
1137,670,1
1138,670,8
1139,670,16
1140,671,8
1141,672,8
1142,672,16
1143,673,8
1144,674,15
1145,675,6
1146,676,7
1147,676,8
1148,677,7
1149,678,8
1150,679,8
1151,680,8
1152,680,14
1153,681,1
1154,681,2
1155,681,5
1156,681,17
1157,682,14
1158,683,5
1159,683,14
1160,684,1
1161,684,15
1162,684,16
1163,685,8
1164,686,1
1165,687,13
1166,687,16
1167,688,16
1168,689,8
1169,689,14
1170,690,8
1171,691,8
1172,692,5
1173,693,8
1174,694,8
1175,695,8
1176,696,1
1177,696,2
1178,697,5
1179,698,8
1180,699,6
1181,699,10
1182,699,16
1183,700,5
1184,700,14
1185,701,3
1186,701,4
1187,702,5
1188,703,2
1189,703,4
1190,704,8
1191,705,8
1192,706,18
1193,707,8
1194,708,6
1195,709,5
1196,710,5
1197,710,15
1198,711,5
1199,712,3
1200,713,8
1201,714,7
1202,715,8
1203,716,8
1204,716,11
1205,717,5
1206,718,8
1207,719,7
1208,720,5
1209,721,8
1210,722,8
1211,723,13
1212,723,16
1213,724,6
1214,725,1
1215,725,2
1216,725,16
1217,726,5
1218,727,5
1219,727,11
1220,728,1
1221,728,2
1222,728,14
1223,728,16
1224,729,1
1225,729,15
1226,730,8
1227,731,5
1228,732,3
1229,732,15
1230,733,11
1231,733,16
1232,734,5
1233,735,8
1234,736,3
1235,736,5
1236,736,16
1237,737,10
1238,738,5
1239,739,1
1240,739,15
1241,739,16
1242,740,8
1243,741,15
1244,741,17
1245,742,5
1246,743,5
1247,743,14
1248,744,5
1249,744,8
1250,745,2
1251,745,4
1252,746,4
1253,746,8
1254,747,7
1255,748,8
1256,749,8
1257,750,7
1258,751,17
1259,752,2
1260,753,5
1261,753,6
1262,754,8
1263,755,8
1264,755,14
1265,756,5
1266,756,8
1267,757,8
1268,758,8
1269,759,8
1270,760,7
1271,761,8
1272,762,5
1273,762,8
1274,763,5
1275,764,8
1276,765,8
1277,766,11
1278,767,5
1279,767,8
1280,768,17
1281,769,8
1282,770,8
1283,770,14
1284,771,1
1285,771,15
1286,771,17
1287,772,8
1288,773,16
1289,774,3
1290,774,4
1291,774,12
1292,775,5
1293,776,5
1294,777,1
1295,777,16
1296,778,7
1297,779,5
1298,779,9
1299,779,14
1300,779,15
1301,780,8
1302,781,8
1303,782,7
1304,783,9
1305,784,8
1306,785,5
1307,785,8
1308,786,8
1309,787,8
1310,788,5
1311,789,1
1312,789,2
1313,789,16
1314,790,5
1315,790,11
1316,791,8
1317,791,13
1318,792,4
1319,792,5
1320,793,8
1321,793,14
1322,794,14
1323,795,5
1324,795,14
1325,796,8
1326,797,8
1327,798,5
1328,798,14
1329,799,2
1330,799,4
1331,800,1
1332,800,2
1333,801,4
1334,801,5
1335,801,9
1336,802,5
1337,803,8
1338,804,5
1339,805,8
1340,806,1
1341,806,13
1342,806,16
1343,807,8
1344,808,5
1345,809,5
1346,809,8
1347,810,8
1348,811,14
1349,812,8
1350,813,8
1351,814,8
1352,815,5
1353,815,14
1354,816,8
1355,817,8
1356,818,2
1357,818,4
1358,819,5
1359,819,12
1360,820,5
1361,821,8
1362,822,8
1363,822,16
1364,823,5
1365,824,5
1366,825,8
1367,826,1
1368,826,2
1369,826,16
1370,827,4
1371,827,5
1372,828,5
1373,828,8
1374,828,14
1375,829,1
1376,829,16
1377,830,5
1378,831,11
1379,832,11
1380,833,8
1381,834,8
1382,835,8
1383,836,8
1384,837,5
1385,837,8
1386,838,8
1387,839,1
1388,839,2
1389,839,15
1390,839,16
1391,840,6
1392,840,8
1393,841,8
1394,842,5
1395,842,14
1396,843,8
1397,844,8
1398,845,8
1399,846,5
1400,847,8
1401,848,1
1402,848,6
1403,848,8
1404,849,7
1405,850,5
1406,851,1
1407,851,16
1408,852,8
1409,853,5
1410,854,5
1411,854,8
1412,855,8
1413,856,6
1414,856,8
1415,856,14
1416,856,16
1417,857,5
1418,857,6
1419,858,5
1420,859,6
1421,860,5
1422,861,5
1423,862,8
1424,863,8
1425,864,6
1426,864,8
1427,865,8
1428,866,1
1429,867,8
1430,868,8
1431,869,11
1432,870,15
1433,870,16
1434,871,4
1435,871,5
1436,872,8
1437,872,16
1438,873,8
1439,874,4
1440,874,8
1441,874,9
1442,875,1
1443,876,8
1444,877,3
1445,877,4
1446,878,14
1447,879,16
1448,880,11
1449,880,16
1450,881,5
1451,881,8
1452,881,14
1453,882,8
1454,883,14
1455,884,8
1456,885,8
1457,886,2
1458,886,17
1459,887,5
1460,887,14
1461,888,12
1462,888,14
1463,889,12
1464,889,14
1465,890,5
1466,890,12
1467,891,8
1468,891,14
1469,892,13
1470,892,16
1471,893,13
1472,893,16
1473,894,5
1474,895,13
1475,895,16
1476,896,5
1477,896,12
1478,896,14
1479,897,8
1480,897,16
1481,898,5
1482,898,8
1483,899,5
1484,899,6
1485,900,5
1486,900,13
1487,900,14
1488,900,16
1489,901,8
1490,901,14
1491,901,17
1492,902,10
1493,902,13
1494,903,12
1495,903,14
1496,904,5
1497,904,14
1498,905,5
1499,905,14
1500,906,4
1501,906,8
1502,907,12
1503,908,2
1504,908,4
1505,908,8
1506,908,12
1507,909,8
1508,909,14
1509,909,17
1510,910,5
1511,911,10
1512,912,8
1513,913,8
1514,913,13
1515,913,15
1516,913,16
1517,914,2
1518,914,14
1519,915,8
1520,916,5
1521,917,14
1522,917,16
1523,918,16
1524,919,10
1525,919,14
1526,919,16
1527,920,13
1528,920,14
1529,920,16
1530,921,14
1531,922,5
1532,922,14
1533,922,16
1534,923,5
1535,924,5
1536,924,12
1537,925,5
1538,925,14
1539,926,5
1540,926,14
1541,927,12
1542,928,5
1543,928,8
1544,929,1
1545,929,2
1546,930,2
1547,931,6
1548,931,10
1549,931,13
1550,932,8
1551,932,14
1552,933,8
1553,934,5
1554,934,12
1555,934,14
1556,935,5
1557,935,8
1558,935,17
1559,936,5
1560,937,8
1561,938,8
1562,939,13
1563,940,5
1564,941,2
1565,941,5
1566,942,8
1567,943,8
1568,944,5
1569,945,8
1570,945,14
1571,946,8
1572,947,5
1573,947,13
1574,948,8
1575,949,6
1576,949,8
1577,950,8
1578,951,6
1579,951,8
1580,952,12
1581,953,18
1582,954,16
1583,955,8
1584,956,18
1585,957,11
1586,957,15
1587,958,1
1588,958,2
1589,958,14
1590,958,17
1591,959,5
1592,959,8
1593,960,8
1594,961,8
1595,962,8
1596,963,8
1597,963,14
1598,964,5
1599,964,12
1600,965,14
1601,965,17
1602,966,13
1603,967,8
1604,968,8
1605,968,17
1606,969,1
1607,970,8
1608,971,8
1609,972,14
1610,973,5
1611,973,8
1612,974,7
1613,975,2
1614,975,4
1615,976,8
1616,976,14
1617,977,5
1618,977,8
1619,978,8
1620,979,1
1621,979,2
1622,979,16
1623,980,8
1624,980,17
1625,981,16
1626,982,8
1627,983,8
1628,984,1
1629,984,8
1630,984,18
1631,985,8
1632,985,16
1633,986,1
1634,986,6
1635,987,6
1636,988,6
1637,989,5
1638,990,5
1639,991,8
1640,991,16
1641,992,1
1642,992,16
1643,993,4
1644,993,5
1645,994,8
1646,995,4
1647,995,5
1648,995,18
1649,996,18
1650,997,2
1651,997,4
1652,997,9
1653,998,4
1654,998,5
1655,999,2
1656,999,4
1657,999,5
1658,1000,4
1659,1000,8
1660,1001,4
1661,1001,8
1662,1002,4
1663,1002,5
1664,1002,8
1665,1003,2
1666,1003,4
1667,1004,4
1668,1004,5
1669,1005,2
1670,1005,4
1671,1006,4
1672,1006,5
1673,1006,13
1674,1007,2
1675,1007,4
1676,1007,9
1677,1007,15
1678,1008,5
1679,1009,4
1680,1009,5
1681,1010,3
1682,1010,4
1683,1010,12
1684,1011,3
1685,1011,4
1686,1012,3
1687,1012,4
1688,1012,12
1689,1013,3
1690,1013,4
1691,1014,4
1692,1014,8
1693,1015,8
1694,1016,4
1695,1016,5
1696,1016,12
1697,1017,3
1698,1017,4
1699,1017,12
1700,1018,2
1701,1018,3
1702,1018,4
1703,1018,12
1704,1019,2
1705,1019,4
1706,1019,12
1707,1020,3
1708,1020,4
1709,1020,12
1710,1021,3
1711,1021,4
1712,1022,6
1713,1023,12
1714,1024,1
1715,1024,16
1716,1025,1
1717,1025,15
1718,1025,16
1719,1026,8
1720,1027,7
1721,1028,8
1722,1029,8
1723,1030,5
1724,1031,8
1725,1031,14
1726,1032,8
1727,1033,5
1728,1033,8
1729,1034,8
1730,1034,14
1731,1035,1
1732,1035,16
1733,1036,1
1734,1036,2
1735,1037,7
1736,1037,8
1737,1038,8
1738,1039,8
1739,1040,6
1740,1040,8
1741,1041,8
1742,1042,16
1743,1043,8
1744,1044,5
1745,1044,12
1746,1044,14
1747,1045,8
1748,1046,8
1749,1046,14
1750,1047,5
1751,1047,8
1752,1048,6
1753,1048,8
1754,1049,8
1755,1050,8
1756,1051,3
1757,1051,4
1758,1051,5
1759,1052,13
1760,1053,5
1761,1053,12
1762,1053,14
1763,1054,5
1764,1054,12
1765,1054,14
1766,1055,6
1767,1055,10
1768,1056,10
1769,1056,16
1770,1057,2
1771,1058,14
1772,1058,17
1773,1059,2
1774,1059,4
1775,1059,5
1776,1059,9
1777,1060,5
1778,1061,16
1779,1062,5
1780,1062,15
1781,1063,5
1782,1063,17
1783,1064,5
1784,1065,5
1785,1066,5
1786,1066,12
1787,1067,8
1788,1068,5
1789,1068,12
1790,1069,6
1791,1069,8
1792,1070,2
1793,1070,8
1794,1071,13
1795,1071,16
1796,1072,12
1797,1073,12
1798,1073,14
1799,1074,6
1800,1074,16
1801,1075,8
1802,1075,17
1803,1076,5
1804,1077,13
1805,1077,16
1806,1078,8
1807,1078,12
1808,1079,8
1809,1079,14
1810,1079,17
1811,1080,8
1812,1081,8
1813,1082,4
1814,1082,8
1815,1082,9
1816,1082,15
1817,1083,5
1818,1084,8
1819,1085,1
1820,1085,14
1821,1086,1
1822,1086,14
1823,1087,1
1824,1088,8
1825,1089,8
1826,1090,11
1827,1091,7
1828,1092,5
1829,1093,7
1830,1094,8
1831,1095,1
1832,1096,7
1833,1097,1
1834,1097,8
1835,1098,5
1836,1099,8
1837,1100,5
1838,1100,8
1839,1101,8
1840,1102,8
1841,1103,2
1842,1103,18
1843,1104,8
1844,1105,8
1845,1106,8
1846,1107,7
1847,1108,7
1848,1109,8
1849,1110,5
1850,1111,5
1851,1111,9
1852,1112,1
1853,1112,2
1854,1112,15
1855,1112,16
1856,1113,11
1857,1114,1
1858,1114,2
1859,1114,15
1860,1114,16
1861,1115,11
1862,1116,8
1863,1117,8
1864,1118,5
1865,1118,8
1866,1119,1
1867,1119,8
1868,1120,5
1869,1121,5
1870,1122,14
1871,1123,7
1872,1124,8
1873,1125,8
1874,1126,8
1875,1127,8
1876,1128,5
1877,1129,7
1878,1130,7
1879,1131,5
1880,1131,8
1881,1132,7
1882,1133,3
1883,1133,5
1884,1134,7
1885,1134,8
1886,1135,8
1887,1136,3
1888,1136,5
1889,1136,16
1890,1137,6
1891,1137,10
1892,1137,16
1893,1138,10
1894,1139,10
1895,1140,8
1896,1141,8
1897,1142,8
1898,1143,5
1899,1144,14
1900,1145,5
1901,1146,8
1902,1147,5
1903,1148,8
1904,1149,8
1905,1150,8
1906,1150,16
1907,1151,5
1908,1152,5
1909,1153,11
1910,1154,7
1911,1155,1
1912,1156,5
1913,1157,5
1914,1157,8
1915,1157,14
1916,1158,8
1917,1159,5
1918,1160,5
1919,1160,15
1920,1161,8
1921,1162,8
1922,1163,8
1923,1163,17
1924,1164,6
1925,1164,8
1926,1164,10
1927,1165,5
1928,1166,1
1929,1167,8
1930,1167,14
1931,1167,17
1932,1168,5
1933,1168,17
1934,1169,8
1935,1170,8
1936,1171,8
1937,1172,5
1938,1172,14
1939,1173,7
1940,1174,8
1941,1175,7
1942,1176,7
1943,1177,8
1944,1178,5
1945,1179,1
1946,1179,2
1947,1179,8
1948,1179,15
1949,1179,17
1950,1180,1
1951,1180,2
1952,1180,5
1953,1180,14
1954,1181,1
1955,1181,2
1956,1182,15
1957,1183,1
1958,1183,15
1959,1183,16
1960,1183,17
1961,1184,1
1962,1184,18
1963,1185,5
1964,1186,8
1965,1187,2
1966,1187,17
1967,1188,1
1968,1188,3
1969,1188,4
1970,1188,15
1971,1188,16
1972,1188,17
1973,1189,15
1974,1190,8
1975,1191,8
1976,1191,17
1977,1192,18
1978,1193,1
1979,1193,2
1980,1193,14
1981,1193,15
1982,1193,17
1983,1194,5
1984,1194,8
1985,1194,14
1986,1195,13
1987,1195,16
1988,1196,6
1989,1196,8
1990,1197,1
1991,1197,11
1992,1197,15
1993,1197,16
1994,1198,1
1995,1198,2
1996,1198,5
1997,1198,11
1998,1198,15
1999,1199,2
2000,1199,14
2001,1200,8
2002,1200,17
2003,1201,1
2004,1201,16
2005,1202,11
2006,1202,16
2007,1203,1
2008,1203,5
2009,1203,12
2010,1204,1
2011,1204,6
2012,1204,8
2013,1205,1
2014,1205,8
2015,1205,17
2016,1206,3
2017,1206,5
2018,1207,8
2019,1207,17
2020,1208,8
2021,1209,5
2022,1209,14
2023,1210,6
2024,1210,8
2025,1210,16
2026,1211,8
2027,1212,5
2028,1212,14
2029,1213,8
2030,1214,13
2031,1214,15
2032,1215,1
2033,1215,8
2034,1215,17
2035,1216,5
2036,1216,6
2037,1217,5
2038,1218,5
2039,1218,8
2040,1219,8
2041,1220,5
2042,1221,1
2043,1221,15
2044,1221,16
2045,1222,5
2046,1222,11
2047,1223,1
2048,1223,8
2049,1223,17
2050,1224,5
2051,1224,8
2052,1225,5
2053,1225,8
2054,1225,14
2055,1226,8
2056,1227,8
2057,1228,8
2058,1228,14
2059,1229,6
2060,1229,10
2061,1229,16
2062,1230,16
2063,1231,8
2064,1231,17
2065,1232,8
2066,1233,10
2067,1233,13
2068,1233,16
2069,1234,8
2070,1234,15
2071,1235,2
2072,1236,5
2073,1236,11
2074,1237,5
2075,1237,17
2076,1238,5
2077,1239,11
2078,1240,2
2079,1240,5
2080,1240,8
2081,1241,6
2082,1241,10
2083,1241,16
2084,1242,1
2085,1242,2
2086,1242,5
2087,1242,11
2088,1243,2
2089,1243,17
2090,1244,8
2091,1244,17
2092,1245,1
2093,1245,8
2094,1245,13
2095,1245,14
2096,1245,16
2097,1246,5
2098,1246,14
2099,1247,18
2100,1248,10
2101,1248,16
2102,1249,8
2103,1250,5
2104,1250,13
2105,1250,16
2106,1251,5
2107,1251,15
2108,1252,8
2109,1253,8
2110,1253,17
2111,1254,5
2112,1254,8
2113,1255,2
2114,1255,3
2115,1255,15
2116,1255,16
2117,1256,1
2118,1256,2
2119,1257,5
2120,1257,8
2121,1258,1
2122,1258,8
2123,1258,14
2124,1259,5
2125,1259,11
2126,1260,5
2127,1260,8
2128,1261,8
2129,1262,5
2130,1263,3
2131,1263,4
2132,1263,12
2133,1264,18
2134,1265,10
2135,1265,13
2136,1266,5
2137,1267,8
2138,1267,14
2139,1268,1
2140,1268,2
2141,1268,8
2142,1269,5
2143,1269,8
2144,1269,12
2145,1270,7
2146,1270,17
2147,1271,8
2148,1271,14
2149,1272,1
2150,1272,2
2151,1273,5
2152,1274,8
2153,1275,5
2154,1275,17
2155,1276,8
2156,1277,8
2157,1277,14
2158,1278,5
2159,1279,8
2160,1279,12
2161,1279,17
2162,1280,8
2163,1280,17
2164,1281,8
2165,1282,15
2166,1283,8
2167,1284,2
2168,1285,1
2169,1285,5
2170,1285,18
2171,1286,8
2172,1287,8
2173,1287,15
2174,1288,5
2175,1288,14
2176,1289,5
2177,1290,8
2178,1290,14
2179,1291,7
2180,1292,5
2181,1293,8
2182,1294,6
2183,1295,14
2184,1296,7
2185,1297,8
2186,1298,5
2187,1299,5
2188,1299,8
2189,1300,7
2190,1301,1
2191,1301,11
2192,1301,15
2193,1301,16
2194,1302,11
2195,1303,11
2196,1304,11
2197,1305,11
2198,1306,11
2199,1307,11
2200,1308,11
2201,1309,11
2202,1310,11
2203,1311,5
2204,1311,11
2205,1312,11
2206,1313,11
2207,1313,16
2208,1314,11
2209,1315,11
2210,1315,15
2211,1316,1
2212,1316,11
2213,1317,11
2214,1318,11
2215,1319,11
2216,1319,14
2217,1320,11
2218,1321,11
2219,1322,11
2220,1323,16
2221,1324,10
2222,1324,16
2223,1325,11
2224,1326,11
2225,1327,11
2226,1328,11
2227,1329,11
2228,1330,11
2229,1331,8
2230,1332,6
2231,1332,16
2232,1333,5
2233,1333,14
2234,1334,8
2235,1335,11
2236,1335,16
2237,1336,1
2238,1336,2
2239,1336,15
2240,1337,8
2241,1337,14
2242,1338,8
2243,1338,16
2244,1339,2
2245,1339,4
2246,1339,5
2247,1340,8
2248,1341,7
2249,1342,8
2250,1343,8
2251,1344,1
2252,1345,8
2253,1346,8
2254,1347,4
2255,1347,5
2256,1348,8
2257,1349,8
2258,1349,16
2259,1350,1
2260,1350,16
2261,1351,1
2262,1351,2
2263,1351,15
2264,1352,1
2265,1352,2
2266,1352,15
2267,1353,1
2268,1353,2
2269,1353,15
2270,1354,1
2271,1354,2
2272,1354,15
2273,1355,1
2274,1355,2
2275,1355,15
2276,1356,1
2277,1356,2
2278,1356,15
2279,1357,1
2280,1357,2
2281,1357,5
2282,1357,6
2283,1358,1
2284,1358,5
2285,1358,18
2286,1359,1
2287,1359,5
2288,1359,18
2289,1360,5
2290,1360,12
2291,1360,14
2292,1361,5
2293,1361,12
2294,1361,14
2295,1362,1
2296,1362,8
2297,1363,1
2298,1363,15
2299,1364,8
2300,1365,1
2301,1366,18
2302,1367,1
2303,1367,11
2304,1368,1
2305,1368,11
2306,1369,1
2307,1369,11
2308,1370,5
2309,1371,1
2310,1371,5
2311,1371,15
2312,1371,17
2313,1372,5
2314,1372,8
2315,1373,8
2316,1373,14
2317,1374,5
2318,1375,5
2319,1375,8
2320,1376,6
2321,1376,8
2322,1376,15
2323,1377,8
2324,1378,14
2325,1378,17
2326,1379,8
2327,1380,8
2328,1381,8
2329,1382,6
2330,1382,8
2331,1383,3
2332,1383,5
2333,1384,8
2334,1385,11
2335,1385,16
2336,1386,1
2337,1386,14
2338,1386,17
2339,1387,5
2340,1387,14
2341,1388,5
2342,1388,8
2343,1389,8
2344,1390,8
2345,1391,8
2346,1392,5
2347,1393,6
2348,1393,8
2349,1393,14
2350,1394,8
2351,1394,12
2352,1395,8
2353,1396,8
2354,1397,7
2355,1398,7
2356,1399,13
2357,1399,16
2358,1400,8
2359,1401,1
2360,1402,5
2361,1403,4
2362,1404,16
2363,1405,8
2364,1406,1
2365,1407,16
2366,1408,1
2367,1408,5
2368,1409,1
2369,1410,5
2370,1410,11
2371,1411,1
2372,1412,5
2373,1413,8
2374,1414,1
2375,1414,16
2376,1415,5
2377,1416,5
2378,1417,5
2379,1417,14
2380,1418,8
2381,1419,7
2382,1420,5
2383,1421,5
2384,1421,17
2385,1422,5
2386,1423,6
2387,1424,7
2388,1425,5
2389,1426,17
2390,1427,5
2391,1427,14
2392,1428,5
2393,1429,5
2394,1429,14
2395,1430,5
2396,1431,5
2397,1431,14
2398,1432,14
2399,1433,13
2400,1433,16
2401,1434,4
2402,1434,5
2403,1434,13
2404,1435,5
2405,1436,7
2406,1437,5
2407,1437,14
2408,1438,13
2409,1439,8
2410,1440,6
2411,1440,8
2412,1441,5
2413,1441,8
2414,1442,5
2415,1442,14
2416,1443,7
2417,1444,8
2418,1445,6
2419,1445,16
2420,1446,1
2421,1446,5
2422,1446,6
2423,1446,8
2424,1447,4
2425,1447,5
2426,1448,14
2427,1449,5
2428,1449,8
2429,1450,14
2430,1451,1
2431,1451,14
2432,1451,16
2433,1452,1
2434,1452,8
2435,1452,16
2436,1453,5
2437,1453,8
2438,1454,8
2439,1454,16
2440,1455,13
2441,1456,5
2442,1457,8
2443,1458,8
2444,1458,12
2445,1459,1
2446,1459,8
2447,1459,16
2448,1459,17
2449,1460,3
2450,1460,4
2451,1460,12
2452,1461,5
2453,1462,14
2454,1463,5
2455,1464,1
2456,1464,2
2457,1464,4
2458,1465,8
2459,1465,14
2460,1466,1
2461,1467,8
2462,1467,14
2463,1468,1
2464,1468,2
2465,1468,16
2466,1469,5
2467,1469,6
2468,1470,6
2469,1471,14
2470,1472,5
2471,1473,8
2472,1474,8
2473,1474,17
2474,1475,8
2475,1476,8
2476,1477,8
2477,1478,5
2478,1479,5
2479,1480,14
2480,1481,8
2481,1481,16
2482,1482,5
2483,1483,5
2484,1484,1
2485,1484,16
2486,1485,8
2487,1486,14
2488,1487,8
2489,1488,1
2490,1488,6
2491,1488,14
2492,1489,8
2493,1490,1
2494,1490,2
2495,1490,4
2496,1490,9
2497,1491,5
2498,1492,1
2499,1492,15
2500,1493,5
2501,1494,8
2502,1495,8
2503,1496,5
2504,1497,8
2505,1498,8
2506,1499,8
2507,1499,14
2508,1500,5
2509,1501,2
2510,1501,4
2511,1502,5
2512,1502,6
2513,1503,5
2514,1503,14
2515,1504,5
2516,1504,8
2517,1504,14
2518,1505,8
2519,1506,1
2520,1506,2
2521,1506,15
2522,1506,16
2523,1507,8
2524,1508,5
2525,1509,4
2526,1509,8
2527,1510,8
2528,1511,8
2529,1511,14
2530,1512,5
2531,1512,14
2532,1513,2
2533,1513,4
2534,1513,8
2535,1514,1
2536,1514,2
2537,1514,16
2538,1515,5
2539,1516,8
2540,1516,14
2541,1517,8
2542,1518,1
2543,1518,14
2544,1518,16
2545,1519,8
2546,1520,5
2547,1521,8
2548,1522,5
2549,1523,1
2550,1523,2
2551,1523,6
2552,1524,8
2553,1525,5
2554,1525,14
2555,1526,5
2556,1526,16
2557,1527,2
2558,1527,3
2559,1527,4
2560,1527,5
2561,1527,12
2562,1528,8
2563,1529,6
2564,1529,8
2565,1529,13
2566,1530,5
2567,1530,14
2568,1531,15
2569,1532,5
2570,1532,14
2571,1533,8
2572,1534,1
2573,1534,15
2574,1534,16
2575,1535,14
2576,1536,8
2577,1537,8
2578,1538,6
2579,1539,8
2580,1540,1
2581,1540,2
2582,1540,5
2583,1540,15
2584,1541,5
2585,1542,2
2586,1542,4
2587,1543,4
2588,1543,9
2589,1544,8
2590,1544,15
2591,1545,5
2592,1546,1
2593,1546,8
2594,1546,17
2595,1547,1
2596,1547,2
2597,1548,4
2598,1548,5
2599,1549,6
2600,1549,8
2601,1549,13
2602,1550,1
2603,1550,13
2604,1550,15
2605,1550,16
2606,1551,1
2607,1551,2
2608,1551,15
2609,1551,16
2610,1552,4
2611,1552,5
2612,1553,5
2613,1553,14
2614,1554,8
2615,1555,2
2616,1555,4
2617,1555,8
2618,1556,8
2619,1557,1
2620,1557,13
2621,1557,14
2622,1557,16
2623,1558,6
2624,1558,8
2625,1558,16
2626,1559,1
2627,1560,8
2628,1560,14
2629,1561,6
2630,1561,8
2631,1561,10
2632,1562,5
2633,1563,15
2634,1563,16
2635,1564,1
2636,1564,5
2637,1565,2
2638,1565,14
2639,1566,1
2640,1566,2
2641,1567,1
2642,1567,16
2643,1568,8
2644,1569,1
2645,1569,16
2646,1570,8
2647,1571,5
2648,1572,8
2649,1573,5
2650,1574,2
2651,1574,16
2652,1575,1
2653,1575,16
2654,1575,17
2655,1576,6
2656,1576,10
2657,1576,13
2658,1576,16
2659,1577,8
2660,1577,17
2661,1578,6
2662,1578,8
2663,1578,16
2664,1579,8
2665,1580,5
2666,1580,8
2667,1581,11
2668,1582,8
2669,1583,13
2670,1583,16
2671,1584,1
2672,1584,8
2673,1584,16
2674,1585,1
2675,1585,6
2676,1585,13
2677,1586,8
2678,1587,5
2679,1587,14
2680,1588,5
2681,1588,8
2682,1589,16
2683,1590,5
2684,1590,14
2685,1591,8
2686,1592,8
2687,1593,1
2688,1593,16
2689,1594,8
2690,1594,14
2691,1595,5
2692,1596,5
2693,1597,5
2694,1597,8
2695,1598,8
2696,1598,14
2697,1599,11
2698,1599,13
2699,1599,16
2700,1600,6
2701,1600,11
2702,1600,13
2703,1600,16
2704,1601,5
2705,1602,6
2706,1602,16
2707,1603,5
2708,1603,8
2709,1603,16
2710,1604,7
2711,1605,8
2712,1606,8
2713,1607,7
2714,1608,8
2715,1608,15
2716,1608,16
2717,1609,4
2718,1609,8
2719,1609,9
2720,1610,11
2721,1611,14
2722,1612,7
2723,1613,14
2724,1613,16
2725,1614,8
2726,1615,8
2727,1616,16
2728,1617,6
2729,1618,5
2730,1619,8
2731,1620,5
2732,1621,14
2733,1622,1
2734,1622,8
2735,1623,8
2736,1624,14
2737,1625,8
2738,1625,17
2739,1626,6
2740,1627,8
2741,1628,8
2742,1629,8
2743,1629,14
2744,1629,16
2745,1630,6
2746,1630,16
2747,1631,1
2748,1631,2
2749,1631,15
2750,1631,17
2751,1632,5
2752,1633,8
2753,1634,5
2754,1635,8
2755,1635,14
2756,1636,1
2757,1636,2
2758,1637,8
2759,1638,8
2760,1638,14
2761,1638,16
2762,1639,14
2763,1640,14
2764,1641,6
2765,1641,16
2766,1642,1
2767,1642,16
2768,1643,3
2769,1643,4
2770,1643,12
2771,1644,5
2772,1644,13
2773,1645,1
2774,1645,11
2775,1645,15
2776,1646,11
2777,1646,15
2778,1647,8
2779,1648,8
2780,1649,8
2781,1650,8
2782,1650,17
2783,1651,6
2784,1652,5
2785,1653,8
2786,1654,5
2787,1654,8
2788,1655,4
2789,1655,5
2790,1655,9
2791,1656,5
2792,1657,8
2793,1658,8
2794,1659,8
2795,1660,4
2796,1660,5
2797,1661,8
2798,1662,16
2799,1663,8
2800,1664,5
2801,1664,6
2802,1664,8
2803,1664,13
2804,1665,4
2805,1665,5
2806,1666,14
2807,1667,16
2808,1668,8
2809,1669,11
2810,1669,16
2811,1670,16
2812,1671,8
2813,1672,1
2814,1672,2
2815,1672,15
2816,1673,8
2817,1673,14
2818,1674,1
2819,1674,14
2820,1674,16
2821,1675,5
2822,1675,8
2823,1676,8
2824,1677,8
2825,1678,8
2826,1679,8
2827,1680,8
2828,1681,6
2829,1681,8
2830,1682,8
2831,1683,5
2832,1684,5
2833,1684,6
2834,1684,13
2835,1684,16
2836,1685,8
2837,1685,14
2838,1686,5
2839,1686,8
2840,1687,8
2841,1687,14
2842,1688,5
2843,1689,1
2844,1689,4
2845,1690,1
2846,1690,8
2847,1691,8
2848,1692,6
2849,1693,7
2850,1694,1
2851,1694,2
2852,1694,16
2853,1695,5
2854,1696,5
2855,1696,8
2856,1697,10
2857,1697,15
2858,1697,16
2859,1698,14
2860,1699,2
2861,1699,4
2862,1699,9
2863,1699,15
2864,1700,1
2865,1700,16
2866,1701,5
2867,1702,1
2868,1702,13
2869,1702,16
2870,1703,14
2871,1704,11
2872,1705,8
2873,1706,8
2874,1707,8
2875,1708,5
2876,1708,12
2877,1709,1
2878,1709,11
2879,1709,15
2880,1710,5
2881,1710,16
2882,1711,6
2883,1711,8
2884,1712,8
2885,1712,14
2886,1713,8
2887,1714,1
2888,1714,16
2889,1715,14
2890,1715,16
2891,1716,11
2892,1717,1
2893,1717,5
2894,1717,12
2895,1718,1
2896,1718,8
2897,1719,5
2898,1719,8
2899,1720,8
2900,1721,5
2901,1721,14
2902,1722,2
2903,1722,15
2904,1722,16
2905,1723,7
2906,1724,8
2907,1725,5
2908,1725,14
2909,1726,10
2910,1726,13
2911,1726,16
2912,1727,5
2913,1727,8
2914,1728,1
2915,1728,6
2916,1729,7
2917,1730,1
2918,1730,8
2919,1731,8
2920,1732,6
2921,1732,8
2922,1733,1
2923,1733,16
2924,1734,5
2925,1735,5
2926,1735,8
2927,1736,8
2928,1737,1
2929,1737,8
2930,1738,7
2931,1739,16
2932,1740,6
2933,1740,8
2934,1741,1
2935,1741,8
2936,1741,14
2937,1742,6
2938,1742,8
2939,1743,6
2940,1743,8
2941,1743,13
2942,1743,16
2943,1744,2
2944,1744,4
2945,1744,5
2946,1745,8
2947,1746,5
2948,1746,6
2949,1746,8
2950,1747,8
2951,1748,8
2952,1749,4
2953,1749,5
2954,1749,8
2955,1750,8
2956,1751,8
2957,1752,5
2958,1752,8
2959,1753,5
2960,1753,8
2961,1753,14
2962,1754,8
2963,1755,8
2964,1756,5
2965,1756,14
2966,1757,4
2967,1757,5
2968,1758,5
2969,1758,16
2970,1759,1
2971,1759,8
2972,1760,2
2973,1760,4
2974,1761,5
2975,1761,7
2976,1762,8
2977,1762,14
2978,1763,5
2979,1764,1
2980,1764,15
2981,1764,16
2982,1765,1
2983,1765,8
2984,1766,1
2985,1766,8
2986,1766,16
2987,1767,8
2988,1767,16
2989,1768,14
2990,1769,8
2991,1770,5
2992,1771,5
2993,1772,8
2994,1773,8
2995,1773,16
2996,1774,6
2997,1774,8
2998,1775,4
2999,1775,5
3000,1776,8
3001,1777,5
3002,1777,16
3003,1778,8
3004,1779,8
3005,1779,16
3006,1780,2
3007,1780,4
3008,1780,5
3009,1780,9
3010,1781,2
3011,1782,8
3012,1782,14
3013,1783,8
3014,1783,14
3015,1784,8
3016,1784,16
3017,1785,5
3018,1786,5
3019,1786,14
3020,1787,5
3021,1788,7
3022,1788,12
3023,1789,5
3024,1790,1
3025,1790,5
3026,1791,8
3027,1792,8
3028,1793,5
3029,1793,16
3030,1794,11
3031,1794,15
3032,1795,5
3033,1796,5
3034,1797,7
3035,1798,1
3036,1798,5
3037,1799,1
3038,1799,2
3039,1800,8
3040,1800,17
3041,1801,1
3042,1801,16
3043,1802,5
3044,1802,8
3045,1803,5
3046,1803,8
3047,1804,8
3048,1805,8
3049,1806,5
3050,1806,14
3051,1807,5
3052,1808,1
3053,1808,8
3054,1808,15
3055,1808,16
3056,1809,8
3057,1810,5
3058,1810,14
3059,1811,8
3060,1812,8
3061,1813,2
3062,1813,3
3063,1813,4
3064,1813,9
3065,1814,1
3066,1814,15
3067,1815,5
3068,1816,5
3069,1816,8
3070,1817,5
3071,1817,8
3072,1818,5
3073,1819,2
3074,1819,5
3075,1820,5
3076,1820,8
3077,1820,14
3078,1821,16
3079,1822,8
3080,1823,11
3081,1823,16
3082,1824,13
3083,1824,16
3084,1825,8
3085,1826,2
3086,1826,5
3087,1826,14
3088,1827,5
3089,1827,8
3090,1827,14
3091,1828,5
3092,1829,8
3093,1829,14
3094,1830,8
3095,1830,17
3096,1831,2
3097,1831,8
3098,1832,8
3099,1833,7
3100,1834,8
3101,1834,14
3102,1835,5
3103,1836,5
3104,1836,8
3105,1837,8
3106,1838,5
3107,1838,14
3108,1839,3
3109,1839,4
3110,1840,8
3111,1840,16
3112,1841,13
3113,1841,15
3114,1841,16
3115,1842,1
3116,1842,5
3117,1842,6
3118,1843,5
3119,1844,1
3120,1844,6
3121,1844,14
3122,1845,8
3123,1845,13
3124,1846,5
3125,1846,8
3126,1847,8
3127,1848,1
3128,1848,5
3129,1848,8
3130,1849,1
3131,1849,2
3132,1849,15
3133,1849,16
3134,1850,1
3135,1850,5
3136,1850,6
3137,1850,8
3138,1851,4
3139,1851,5
3140,1852,3
3141,1852,4
3142,1852,9
3143,1852,17
3144,1853,15
3145,1853,16
3146,1854,8
3147,1855,5
3148,1856,11
3149,1856,15
3150,1857,8
3151,1857,14
3152,1857,17
3153,1858,12
3154,1859,17
3155,1860,18
3156,1861,8
3157,1862,8
3158,1863,2
3159,1864,12
3160,1865,8
3161,1866,5
3162,1867,8
3163,1868,8
3164,1868,17
3165,1869,5
3166,1870,8
3167,1871,8
3168,1871,17
3169,1872,8
3170,1873,8
3171,1874,8
3172,1875,8
3173,1876,8
3174,1876,14
3175,1876,17
3176,1877,6
3177,1877,8
3178,1878,8
3179,1878,14
3180,1879,12
3181,1879,14
3182,1880,5
3183,1881,8
3184,1882,8
3185,1882,13
3186,1883,12
3187,1884,8
3188,1885,1
3189,1885,6
3190,1885,8
3191,1885,16
3192,1886,1
3193,1886,8
3194,1887,8
3195,1888,8
3196,1889,8
3197,1890,5
3198,1890,8
3199,1891,8
3200,1891,14
3201,1892,8
3202,1892,17
3203,1893,8
3204,1894,8
3205,1895,5
3206,1896,8
3207,1896,13
3208,1897,5
3209,1897,15
3210,1898,5
3211,1899,2
3212,1899,4
3213,1899,9
3214,1900,5
3215,1900,8
3216,1901,11
3217,1902,11
3218,1903,11
3219,1904,11
3220,1905,11
3221,1906,11
3222,1907,11
3223,1908,11
3224,1909,11
3225,1910,11
3226,1911,11
3227,1912,11
3228,1913,11
3229,1914,11
3230,1915,11
3231,1916,11
3232,1917,11
3233,1918,11
3234,1919,11
3235,1920,11
3236,1921,11
3237,1922,11
3238,1923,11
3239,1924,11
3240,1925,11
3241,1926,11
3242,1926,16
3243,1927,11
3244,1927,16
3245,1928,11
3246,1928,16
3247,1929,11
3248,1930,11
3249,1931,11
3250,1932,1
3251,1932,5
3252,1932,6
3253,1932,8
3254,1933,1
3255,1933,5
3256,1933,6
3257,1933,8
3258,1934,1
3259,1934,5
3260,1934,6
3261,1934,8
3262,1935,5
3263,1935,11
3264,1936,5
3265,1936,11
3266,1937,2
3267,1937,4
3268,1937,9
3269,1938,1
3270,1938,2
3271,1938,14
3272,1939,5
3273,1940,6
3274,1940,8
3275,1940,10
3276,1941,15
3277,1941,16
3278,1942,15
3279,1943,5
3280,1943,15
3281,1944,5
3282,1944,15
3283,1944,18
3284,1945,1
3285,1945,2
3286,1946,4
3287,1946,5
3288,1947,4
3289,1947,5
3290,1947,9
3291,1948,4
3292,1948,5
3293,1948,18
3294,1949,4
3295,1949,9
3296,1949,12
3297,1950,3
3298,1950,4
3299,1951,1
3300,1951,8
3301,1952,8
3302,1952,14
3303,1953,9
3304,1953,15
3305,1954,8
3306,1955,1
3307,1955,6
3308,1955,8
3309,1956,8
3310,1956,13
3311,1957,8
3312,1957,14
3313,1958,11
3314,1958,16
3315,1959,5
3316,1959,6
3317,1960,1
3318,1960,8
3319,1960,17
3320,1961,5
3321,1961,14
3322,1962,8
3323,1963,4
3324,1963,5
3325,1964,4
3326,1964,5
3327,1965,3
3328,1965,4
3329,1966,15
3330,1967,4
3331,1967,5
3332,1968,4
3333,1968,5
3334,1969,2
3335,1969,4
3336,1969,5
3337,1970,4
3338,1970,5
3339,1970,15
3340,1971,2
3341,1971,4
3342,1972,4
3343,1972,5
3344,1973,1
3345,1973,2
3346,1973,4
3347,1973,5
3348,1974,4
3349,1974,5
3350,1975,2
3351,1975,4
3352,1975,9
3353,1976,5
3354,1977,2
3355,1977,4
3356,1977,8
3357,1977,14
3358,1978,2
3359,1978,4
3360,1978,15
3361,1979,4
3362,1980,3
3363,1980,4
3364,1981,5
3365,1981,12
3366,1982,2
3367,1982,4
3368,1982,5
3369,1983,2
3370,1983,4
3371,1983,5
3372,1984,4
3373,1984,5
3374,1985,4
3375,1985,5
3376,1985,15
3377,1986,2
3378,1986,4
3379,1986,5
3380,1986,9
3381,1986,15
3382,1987,5
3383,1987,18
3384,1988,2
3385,1988,4
3386,1989,2
3387,1989,4
3388,1990,1
3389,1990,16
3390,1991,4
3391,1991,8
3392,1992,5
3393,1993,7
3394,1994,8
3395,1994,14
3396,1995,8
3397,1995,14
3398,1996,5
3399,1996,7
3400,1997,5
3401,1997,8
3402,1997,14
3403,1998,10
3404,1999,8
3405,1999,14
3406,1999,17
3407,2000,8
3408,2001,8
3409,2002,8
3410,2003,8
3411,2004,5
3412,2005,5
3413,2006,8
3414,2007,8
3415,2007,17
3416,2008,8
3417,2008,13
3418,2009,2
3419,2009,4
3420,2010,3
3421,2010,4
3422,2010,5
3423,2010,12
3424,2011,4
3425,2011,8
3426,2012,3
3427,2012,4
3428,2012,5
3429,2012,12
3430,2012,14
3431,2013,3
3432,2013,4
3433,2013,5
3434,2013,12
3435,2013,14
3436,2014,4
3437,2014,5
3438,2015,4
3439,2015,12
3440,2016,4
3441,2016,12
3442,2017,3
3443,2017,4
3444,2018,8
3445,2018,9
3446,2019,3
3447,2019,4
3448,2019,9
3449,2019,12
3450,2020,2
3451,2020,5
3452,2020,12
3453,2021,3
3454,2021,4
3455,2022,3
3456,2022,4
3457,2023,4
3458,2023,15
3459,2024,3
3460,2024,4
3461,2024,12
3462,2025,2
3463,2025,4
3464,2025,9
3465,2025,15
3466,2026,1
3467,2026,2
3468,2026,15
3469,2027,4
3470,2027,5
3471,2028,3
3472,2028,4
3473,2028,12
3474,2029,4
3475,2029,11
3476,2030,4
3477,2030,5
3478,2031,2
3479,2031,3
3480,2031,4
3481,2031,12
3482,2032,5
3483,2032,9
3484,2032,14
3485,2033,2
3486,2033,8
3487,2034,3
3488,2034,4
3489,2034,5
3490,2034,12
3491,2035,2
3492,2035,4
3493,2036,8
3494,2037,1
3495,2037,2
3496,2037,9
3497,2037,15
3498,2038,8
3499,2038,17
3500,2039,11
3501,2039,16
3502,2040,5
3503,2040,14
3504,2041,5
3505,2042,5
3506,2042,6
3507,2042,16
3508,2043,5
3509,2044,6
3510,2044,8
3511,2045,11
3512,2045,16
3513,2046,8
3514,2047,1
3515,2047,2
3516,2048,2
3517,2048,3
3518,2048,4
3519,2048,15
3520,2049,8
3521,2049,15
3522,2050,11
3523,2050,16
3524,2051,11
3525,2052,8
3526,2052,11
3527,2053,11
3528,2053,16
3529,2054,11
3530,2054,16
3531,2055,3
3532,2055,4
3533,2056,5
3534,2057,8
3535,2057,14
3536,2058,1
3537,2058,6
3538,2058,13
3539,2058,16
3540,2059,8
3541,2059,14
3542,2060,5
3543,2061,7
3544,2062,6
3545,2062,8
3546,2062,14
3547,2063,8
3548,2064,8
3549,2065,2
3550,2065,5
3551,2066,5
3552,2067,2
3553,2067,12
3554,2068,5
3555,2069,3
3556,2069,4
3557,2070,3
3558,2070,4
3559,2070,8
3560,2070,9
3561,2071,3
3562,2071,4
3563,2072,4
3564,2072,9
3565,2072,15
3566,2073,3
3567,2073,4
3568,2073,5
3569,2074,3
3570,2074,4
3571,2074,5
3572,2075,2
3573,2075,9
3574,2075,14
3575,2076,5
3576,2077,5
3577,2077,8
3578,2077,14
3579,2078,8
3580,2078,14
3581,2079,8
3582,2080,5
3583,2080,11
3584,2081,5
3585,2081,11
3586,2082,5
3587,2083,5
3588,2084,4
3589,2084,5
3590,2085,1
3591,2085,2
3592,2086,8
3593,2086,14
3594,2087,5
3595,2088,5
3596,2088,8
3597,2089,14
3598,2090,6
3599,2090,11
3600,2091,6
3601,2091,11
3602,2092,11
3603,2092,16
3604,2093,2
3605,2093,4
3606,2093,9
3607,2094,2
3608,2094,4
3609,2094,9
3610,2095,5
3611,2095,11
3612,2096,8
3613,2097,8
3614,2098,8
3615,2098,14
3616,2099,1
3617,2099,2
3618,2099,11
3619,2100,8
3620,2100,14
3621,2101,5
3622,2102,1
3623,2102,5
3624,2103,5
3625,2103,8
3626,2103,14
3627,2104,5
3628,2105,2
3629,2105,9
3630,2105,15
3631,2106,5
3632,2106,9
3633,2107,8
3634,2107,14
3635,2108,16
3636,2109,5
3637,2109,16
3638,2110,16
3639,2111,16
3640,2112,16
3641,2113,16
3642,2114,8
3643,2114,10
3644,2114,16
3645,2115,16
3646,2116,13
3647,2116,16
3648,2117,16
3649,2118,10
3650,2118,16
3651,2119,13
3652,2119,16
3653,2120,8
3654,2121,3
3655,2122,8
3656,2123,5
3657,2124,8
3658,2125,1
3659,2125,2
3660,2125,9
3661,2126,1
3662,2126,6
3663,2126,8
3664,2127,5
3665,2128,1
3666,2129,8
3667,2130,7
3668,2131,6
3669,2131,8
3670,2132,8
3671,2133,8
3672,2134,8
3673,2134,16
3674,2134,17
3675,2135,10
3676,2135,16
3677,2136,16
3678,2137,5
3679,2138,13
3680,2138,16
3681,2139,8
3682,2140,5
3683,2140,13
3684,2140,14
3685,2140,16
3686,2141,6
3687,2141,16
3688,2142,16
3689,2143,16
3690,2144,16
3691,2145,5
3692,2145,12
3693,2146,16
3694,2147,5
3695,2147,14
3696,2148,8
3697,2149,5
3698,2149,12
3699,2150,8
3700,2151,13
3701,2151,16
3702,2152,8
3703,2153,16
3704,2154,5
3705,2155,5
3706,2156,8
3707,2157,8
3708,2158,8
3709,2159,16
3710,2160,8
3711,2161,8
3712,2162,5
3713,2163,6
3714,2163,8
3715,2164,15
3716,2164,16
3717,2165,8
3718,2166,8
3719,2167,8
3720,2167,17
3721,2168,8
3722,2169,8
3723,2170,5
3724,2170,8
3725,2171,5
3726,2171,8
3727,2172,8
3728,2173,5
3729,2174,8
3730,2175,5
3731,2175,8
3732,2175,14
3733,2176,5
3734,2176,14
3735,2177,5
3736,2177,8
3737,2178,5
3738,2179,5
3739,2180,5
3740,2180,8
3741,2180,14
3742,2181,5
3743,2182,8
3744,2183,5
3745,2184,5
3746,2184,8
3747,2185,1
3748,2185,5
3749,2185,9
3750,2186,8
3751,2187,5
3752,2188,11
3753,2188,15
3754,2189,5
3755,2189,14
3756,2190,1
3757,2191,5
3758,2191,14
3759,2192,1
3760,2192,6
3761,2193,5
3762,2194,5
3763,2194,8
3764,2194,14
3765,2195,16
3766,2196,8
3767,2197,2
3768,2197,5
3769,2198,5
3770,2198,14
3771,2199,13
3772,2199,16
3773,2200,6
3774,2200,8
3775,2201,8
3776,2202,7
3777,2203,8
3778,2204,8
3779,2205,1
3780,2205,16
3781,2206,8
3782,2207,1
3783,2207,2
3784,2207,15
3785,2208,8
3786,2209,8
3787,2210,1
3788,2210,6
3789,2210,16
3790,2211,11
3791,2211,16
3792,2212,6
3793,2213,6
3794,2214,5
3795,2214,8
3796,2215,8
3797,2216,8
3798,2217,8
3799,2218,5
3800,2219,15
3801,2219,16
3802,2219,17
3803,2220,1
3804,2220,11
3805,2220,15
3806,2220,16
3807,2221,5
3808,2221,8
3809,2222,5
3810,2222,8
3811,2223,8
3812,2223,14
3813,2224,14
3814,2225,8
3815,2226,3
3816,2226,4
3817,2227,5
3818,2228,5
3819,2229,8
3820,2229,14
3821,2230,16
3822,2231,5
3823,2232,5
3824,2232,12
3825,2233,5
3826,2234,5
3827,2235,8
3828,2235,12
3829,2236,8
3830,2237,8
3831,2238,5
3832,2239,1
3833,2239,8
3834,2240,1
3835,2240,6
3836,2241,8
3837,2242,8
3838,2243,13
3839,2243,15
3840,2244,8
3841,2245,8
3842,2246,8
3843,2247,11
3844,2247,16
3845,2248,8
3846,2248,14
3847,2249,5
3848,2250,5
3849,2251,5
3850,2252,8
3851,2252,16
3852,2253,5
3853,2254,1
3854,2254,2
3855,2254,15
3856,2254,16
3857,2254,17
3858,2255,7
3859,2256,5
3860,2256,8
3861,2257,5
3862,2258,8
3863,2258,16
3864,2259,11
3865,2260,11
3866,2261,8
3867,2262,7
3868,2263,5
3869,2263,14
3870,2264,6
3871,2264,8
3872,2265,8
3873,2266,1
3874,2266,16
3875,2267,5
3876,2268,8
3877,2269,8
3878,2270,11
3879,2270,13
3880,2270,16
3881,2271,5
3882,2271,14
3883,2272,14
3884,2273,8
3885,2274,5
3886,2275,8
3887,2276,1
3888,2276,2
3889,2276,8
3890,2276,16
3891,2277,8
3892,2278,15
3893,2278,16
3894,2279,1
3895,2280,8
3896,2281,5
3897,2281,16
3898,2282,5
3899,2283,8
3900,2284,5
3901,2284,8
3902,2285,1
3903,2285,16
3904,2286,3
3905,2286,4
3906,2286,5
3907,2287,3
3908,2287,4
3909,2287,5
3910,2288,5
3911,2289,8
3912,2290,8
3913,2291,5
3914,2292,8
3915,2293,5
3916,2294,8
3917,2295,1
3918,2295,15
3919,2296,1
3920,2296,15
3921,2297,1
3922,2297,15
3923,2298,1
3924,2298,2
3925,2298,11
3926,2299,1
3927,2299,2
3928,2299,11
3929,2300,1
3930,2300,2
3931,2300,11
3932,2301,5
3933,2301,14
3934,2302,1
3935,2302,2
3936,2302,8
3937,2303,5
3938,2304,5
3939,2305,1
3940,2305,2
3941,2306,5
3942,2306,8
3943,2307,5
3944,2308,1
3945,2309,11
3946,2309,15
3947,2310,5
3948,2311,5
3949,2312,5
3950,2313,5
3951,2314,5
3952,2315,5
3953,2316,4
3954,2316,5
3955,2317,5
3956,2317,14
3957,2318,8
3958,2319,5
3959,2319,6
3960,2320,8
3961,2320,14
3962,2321,6
3963,2321,11
3964,2321,16
3965,2322,5
3966,2323,6
3967,2323,16
3968,2324,5
3969,2324,8
3970,2325,1
3971,2325,15
3972,2326,3
3973,2326,12
3974,2327,5
3975,2328,5
3976,2328,14
3977,2329,8
3978,2330,8
3979,2331,2
3980,2331,4
3981,2331,9
3982,2332,4
3983,2332,8
3984,2333,18
3985,2334,1
3986,2334,17
3987,2335,1
3988,2336,1
3989,2336,17
3990,2337,1
3991,2337,2
3992,2337,5
3993,2337,14
3994,2338,1
3995,2338,2
3996,2338,5
3997,2338,14
3998,2339,5
3999,2339,15
4000,2340,5
4001,2340,15
4002,2341,1
4003,2341,8
4004,2342,1
4005,2342,8
4006,2343,1
4007,2343,8
4008,2344,1
4009,2344,8
4010,2345,5
4011,2345,13
4012,2346,1
4013,2346,2
4014,2346,13
4015,2347,8
4016,2347,14
4017,2348,5
4018,2349,5
4019,2349,8
4020,2350,5
4021,2351,8
4022,2351,16
4023,2352,8
4024,2353,1
4025,2353,2
4026,2353,8
4027,2354,1
4028,2354,2
4029,2354,8
4030,2355,5
4031,2356,5
4032,2356,14
4033,2357,6
4034,2358,5
4035,2358,8
4036,2358,14
4037,2359,1
4038,2359,8
4039,2359,17
4040,2360,11
4041,2360,15
4042,2361,2
4043,2361,4
4044,2361,8
4045,2362,2
4046,2362,4
4047,2362,8
4048,2363,5
4049,2363,8
4050,2364,8
4051,2365,8
4052,2366,8
4053,2367,8
4054,2368,5
4055,2369,8
4056,2370,8
4057,2370,16
4058,2371,8
4059,2372,8
4060,2373,8
4061,2373,18
4062,2374,8
4063,2375,8
4064,2375,14
4065,2376,5
4066,2376,8
4067,2377,8
4068,2378,16
4069,2379,5
4070,2379,8
4071,2380,11
4072,2380,15
4073,2381,2
4074,2381,4
4075,2382,2
4076,2382,4
4077,2382,15
4078,2383,11
4079,2384,11
4080,2385,8
4081,2385,9
4082,2386,11
4083,2386,15
4084,2387,11
4085,2387,15
4086,2388,11
4087,2388,15
4088,2389,1
4089,2389,5
4090,2390,5
4091,2390,6
4092,2391,11
4093,2392,11
4094,2393,11
4095,2394,11
4096,2395,5
4097,2396,11
4098,2397,11
4099,2398,8
4100,2399,13
4101,2400,1
4102,2400,5
4103,2400,14
4104,2400,16
4105,2401,5
4106,2401,14
4107,2402,2
4108,2402,5
4109,2403,2
4110,2403,5
4111,2404,5
4112,2405,5
4113,2406,8
4114,2407,1
4115,2407,13
4116,2407,16
4117,2408,1
4118,2408,17
4119,2409,2
4120,2410,5
4121,2410,18
4122,2411,8
4123,2411,16
4124,2412,8
4125,2413,8
4126,2413,14
4127,2414,5
4128,2414,14
4129,2415,5
4130,2415,11
4131,2415,16
4132,2416,5
4133,2417,5
4134,2417,14
4135,2418,8
4136,2419,1
4137,2419,5
4138,2420,8
4139,2420,11
4140,2420,16
4141,2421,8
4142,2422,1
4143,2422,16
4144,2423,5
4145,2423,14
4146,2424,5
4147,2425,8
4148,2426,7
4149,2427,3
4150,2427,15
4151,2428,5
4152,2428,14
4153,2429,14
4154,2430,5
4155,2430,15
4156,2431,5
4157,2432,5
4158,2433,8
4159,2434,5
4160,2434,14
4161,2435,8
4162,2436,5
4163,2436,8
4164,2437,16
4165,2438,5
4166,2438,8
4167,2438,14
4168,2439,5
4169,2440,8
4170,2441,5
4171,2442,5
4172,2442,14
4173,2443,6
4174,2444,8
4175,2445,11
4176,2446,11
4177,2447,11
4178,2448,11
4179,2449,11
4180,2450,5
4181,2451,11
4182,2452,8
4183,2453,8
4184,2454,8
4185,2455,8
4186,2455,16
4187,2456,1
4188,2456,8
4189,2457,1
4190,2457,11
4191,2457,15
4192,2458,15
4193,2459,1
4194,2459,15
4195,2459,16
4196,2459,18
4197,2460,1
4198,2460,2
4199,2460,15
4200,2461,1
4201,2461,15
4202,2462,1
4203,2462,15
4204,2463,1
4205,2463,15
4206,2464,1
4207,2464,15
4208,2465,1
4209,2465,15
4210,2466,1
4211,2467,1
4212,2468,8
4213,2469,2
4214,2470,7
4215,2471,5
4216,2472,1
4217,2472,6
4218,2472,8
4219,2472,16
4220,2473,8
4221,2474,5
4222,2474,6
4223,2474,16
4224,2475,5
4225,2476,8
4226,2477,5
4227,2478,8
4228,2479,8
4229,2480,11
4230,2481,1
4231,2481,15
4232,2482,11
4233,2482,16
4234,2483,8
4235,2483,16
4236,2484,5
4237,2485,11
4238,2485,15
4239,2485,16
4240,2486,11
4241,2486,15
4242,2486,16
4243,2487,5
4244,2488,5
4245,2488,8
4246,2488,14
4247,2489,8
4248,2490,5
4249,2490,14
4250,2491,3
4251,2491,4
4252,2492,8
4253,2492,11
4254,2493,6
4255,2493,16
4256,2494,8
4257,2495,8
4258,2496,8
4259,2497,12
4260,2498,3
4261,2498,4
4262,2499,5
4263,2500,1
4264,2500,6
4265,2501,8
4266,2501,14
4267,2502,8
4268,2502,14
4269,2503,1
4270,2503,15
4271,2503,16
4272,2504,5
4273,2504,14
4274,2505,8
4275,2506,5
4276,2507,8
4277,2508,8
4278,2509,5
4279,2509,8
4280,2510,15
4281,2511,8
4282,2512,6
4283,2513,5
4284,2513,14
4285,2514,1
4286,2514,5
4287,2515,13
4288,2516,5
4289,2517,8
4290,2517,14
4291,2518,5
4292,2518,6
4293,2518,16
4294,2519,5
4295,2520,8
4296,2521,5
4297,2521,8
4298,2521,14
4299,2522,8
4300,2523,5
4301,2523,14
4302,2524,8
4303,2525,5
4304,2526,8
4305,2526,14
4306,2526,15
4307,2527,7
4308,2528,5
4309,2528,8
4310,2529,5
4311,2529,14
4312,2530,5
4313,2531,5
4314,2532,1
4315,2532,15
4316,2532,16
4317,2533,5
4318,2534,2
4319,2534,15
4320,2535,8
4321,2536,7
4322,2537,6
4323,2537,16
4324,2538,5
4325,2538,11
4326,2539,8
4327,2540,16
4328,2541,8
4329,2542,8
4330,2543,8
4331,2544,8
4332,2545,1
4333,2545,11
4334,2545,15
4335,2546,1
4336,2546,11
4337,2546,15
4338,2547,2
4339,2547,15
4340,2548,1
4341,2548,6
4342,2549,1
4343,2549,2
4344,2549,11
4345,2549,16
4346,2550,5
4347,2551,8
4348,2552,8
4349,2552,14
4350,2553,8
4351,2553,14
4352,2554,5
4353,2554,9
4354,2555,5
4355,2556,8
4356,2557,1
4357,2558,5
4358,2558,8
4359,2558,14
4360,2559,7
4361,2559,8
4362,2560,1
4363,2560,2
4364,2560,9
4365,2560,15
4366,2561,5
4367,2561,14
4368,2562,8
4369,2563,5
4370,2563,10
4371,2563,16
4372,2564,8
4373,2565,11
4374,2565,14
4375,2566,11
4376,2567,11
4377,2568,11
4378,2569,11
4379,2570,11
4380,2571,8
4381,2572,1
4382,2572,2
4383,2572,15
4384,2573,1
4385,2573,2
4386,2573,15
4387,2574,1
4388,2574,2
4389,2574,15
4390,2575,1
4391,2575,2
4392,2575,15
4393,2576,11
4394,2577,11
4395,2578,11
4396,2579,11
4397,2580,11
4398,2581,11
4399,2582,11
4400,2583,11
4401,2584,11
4402,2585,11
4403,2586,11
4404,2587,11
4405,2588,11
4406,2588,15
4407,2589,5
4408,2589,11
4409,2589,12
4410,2589,15
4411,2590,15
4412,2591,5
4413,2591,7
4414,2592,15
4415,2593,15
4416,2594,1
4417,2594,15
4418,2594,17
4419,2595,15
4420,2596,11
4421,2596,15
4422,2597,15
4423,2598,15
4424,2599,15
4425,2600,11
4426,2600,15
4427,2601,17
4428,2602,17
4429,2603,5
4430,2603,14
4431,2604,8
4432,2604,15
4433,2604,16
4434,2605,8
4435,2606,8
4436,2607,5
4437,2607,8
4438,2607,14
4439,2608,8
4440,2608,16
4441,2609,7
4442,2610,8
4443,2611,8
4444,2611,14
4445,2612,8
4446,2613,5
4447,2613,14
4448,2613,15
4449,2614,8
4450,2615,5
4451,2616,5
4452,2616,8
4453,2617,5
4454,2617,8
4455,2618,8
4456,2618,13
4457,2619,3
4458,2619,4
4459,2620,8
4460,2620,16
4461,2621,7
4462,2622,5
4463,2623,8
4464,2624,1
4465,2624,6
4466,2624,14
4467,2625,7
4468,2626,5
4469,2627,8
4470,2628,5
4471,2629,5
4472,2629,8
4473,2629,14
4474,2630,15
4475,2631,1
4476,2631,5
4477,2631,15
4478,2631,16
4479,2632,3
4480,2632,5
4481,2633,1
4482,2633,15
4483,2633,18
4484,2634,8
4485,2635,8
4486,2636,8
4487,2636,14
4488,2637,8
4489,2638,5
4490,2639,16
4491,2640,14
4492,2641,4
4493,2641,5
4494,2642,11
4495,2643,8
4496,2644,8
4497,2645,11
4498,2645,16
4499,2646,8
4500,2647,5
4501,2647,14
4502,2648,5
4503,2648,11
4504,2649,5
4505,2649,11
4506,2650,5
4507,2651,11
4508,2651,16
4509,2652,1
4510,2652,2
4511,2652,4
4512,2652,5
4513,2653,14
4514,2654,1
4515,2654,15
4516,2654,16
4517,2655,1
4518,2655,2
4519,2655,5
4520,2656,5
4521,2656,14
4522,2657,8
4523,2658,6
4524,2658,10
4525,2659,10
4526,2660,8
4527,2661,8
4528,2662,8
4529,2663,8
4530,2664,8
4531,2665,2
4532,2665,5
4533,2666,8
4534,2667,1
4535,2667,2
4536,2667,5
4537,2668,5
4538,2669,1
4539,2670,5
4540,2670,8
4541,2671,8
4542,2672,11
4543,2673,1
4544,2673,16
4545,2674,5
4546,2674,8
4547,2675,8
4548,2676,8
4549,2677,8
4550,2678,5
4551,2678,11
4552,2678,12
4553,2679,5
4554,2679,11
4555,2680,1
4556,2680,2
4557,2681,8
4558,2681,13
4559,2682,5
4560,2682,8
4561,2683,5
4562,2684,5
4563,2684,13
4564,2685,16
4565,2686,11
4566,2687,8
4567,2688,1
4568,2689,8
4569,2690,8
4570,2691,5
4571,2692,8
4572,2693,3
4573,2693,4
4574,2694,16
4575,2695,1
4576,2695,16
4577,2696,6
4578,2696,8
4579,2696,16
4580,2697,5
4581,2697,8
4582,2698,5
4583,2698,8
4584,2699,5
4585,2700,5
4586,2701,6
4587,2701,13
4588,2702,5
4589,2703,8
4590,2704,5
4591,2705,8
4592,2706,5
4593,2706,14
4594,2707,8
4595,2708,7
4596,2709,8
4597,2710,16
4598,2711,5
4599,2712,5
4600,2712,11
4601,2713,11
4602,2714,11
4603,2715,11
4604,2716,11
4605,2717,11
4606,2718,5
4607,2719,11
4608,2720,5
4609,2721,11
4610,2722,11
4611,2723,5
4612,2724,5
4613,2725,5
4614,2725,11
4615,2726,5
4616,2727,5
4617,2728,5
4618,2729,5
4619,2729,9
4620,2730,5
4621,2731,5
4622,2732,3
4623,2732,4
4624,2733,8
4625,2733,14
4626,2734,1
4627,2734,14
4628,2734,16
4629,2735,16
4630,2736,5
4631,2736,8
4632,2737,5
4633,2737,14
4634,2738,5
4635,2738,16
4636,2739,1
4637,2739,15
4638,2740,1
4639,2740,15
4640,2741,5
4641,2742,3
4642,2742,13
4643,2743,5
4644,2744,1
4645,2744,16
4646,2745,7
4647,2746,11
4648,2747,1
4649,2747,17
4650,2748,1
4651,2748,17
4652,2749,1
4653,2749,17
4654,2750,1
4655,2750,17
4656,2751,16
4657,2752,8
4658,2753,2
4659,2753,8
4660,2754,2
4661,2754,14
4662,2755,1
4663,2755,8
4664,2756,7
4665,2757,8
4666,2758,1
4667,2758,11
4668,2758,16
4669,2759,15
4670,2759,16
4671,2760,4
4672,2760,5
4673,2761,5
4674,2761,8
4675,2762,8
4676,2763,8
4677,2764,8
4678,2765,14
4679,2765,17
4680,2766,5
4681,2766,14
4682,2767,1
4683,2767,16
4684,2768,5
4685,2769,5
4686,2769,14
4687,2770,5
4688,2771,8
4689,2772,16
4690,2773,16
4691,2774,6
4692,2774,8
4693,2775,5
4694,2775,14
4695,2776,8
4696,2776,13
4697,2777,8
4698,2778,4
4699,2779,8
4700,2780,8
4701,2781,5
4702,2781,8
4703,2782,8
4704,2782,16
4705,2783,2
4706,2783,15
4707,2783,16
4708,2784,8
4709,2785,11
4710,2786,11
4711,2787,11
4712,2788,16
4713,2789,3
4714,2789,12
4715,2790,5
4716,2790,8
4717,2791,7
4718,2792,5
4719,2793,5
4720,2793,8
4721,2794,8
4722,2795,5
4723,2795,12
4724,2796,5
4725,2797,5
4726,2798,8
4727,2799,5
4728,2799,11
4729,2800,11
4730,2801,8
4731,2802,5
4732,2803,2
4733,2803,16
4734,2804,1
4735,2804,8
4736,2804,9
4737,2804,14
4738,2805,8
4739,2805,13
4740,2805,14
4741,2806,5
4742,2807,8
4743,2807,13
4744,2807,14
4745,2808,3
4746,2808,4
4747,2809,8
4748,2809,12
4749,2810,11
4750,2811,1
4751,2811,2
4752,2811,5
4753,2812,1
4754,2812,2
4755,2812,5
4756,2813,1
4757,2813,16
4758,2814,8
4759,2815,5
4760,2816,5
4761,2816,14
4762,2817,8
4763,2817,14
4764,2818,4
4765,2818,5
4766,2819,8
4767,2820,5
4768,2820,14
4769,2821,5
4770,2822,8
4771,2822,17
4772,2823,5
4773,2824,1
4774,2824,8
4775,2825,1
4776,2825,8
4777,2826,8
4778,2826,14
4779,2827,2
4780,2828,18
4781,2829,5
4782,2829,17
4783,2830,11
4784,2830,13
4785,2831,2
4786,2831,3
4787,2831,4
4788,2832,11
4789,2832,15
4790,2833,11
4791,2833,15
4792,2834,11
4793,2834,16
4794,2835,11
4795,2835,16
4796,2836,8
4797,2837,1
4798,2837,2
4799,2838,8
4800,2838,14
4801,2839,5
4802,2840,8
4803,2841,7
4804,2842,8
4805,2842,14
4806,2843,8
4807,2844,1
4808,2844,6
4809,2844,8
4810,2845,5
4811,2846,5
4812,2846,8
4813,2847,5
4814,2848,1
4815,2848,2
4816,2848,15
4817,2848,16
4818,2849,6
4819,2849,16
4820,2850,5
4821,2851,8
4822,2851,14
4823,2852,8
4824,2852,14
4825,2853,18
4826,2854,18
4827,2855,5
4828,2856,1
4829,2856,5
4830,2857,8
4831,2858,5
4832,2858,8
4833,2859,8
4834,2859,14
4835,2860,8
4836,2861,8
4837,2862,7
4838,2863,8
4839,2864,8
4840,2865,8
4841,2866,12
4842,2867,5
4843,2867,14
4844,2868,5
4845,2869,5
4846,2870,8
4847,2871,8
4848,2871,16
4849,2872,10
4850,2873,12
4851,2873,14
4852,2873,17
4853,2874,8
4854,2874,14
4855,2875,8
4856,2875,14
4857,2876,1
4858,2876,17
4859,2877,13
4860,2878,5
4861,2878,12
4862,2879,1
4863,2880,1
4864,2881,1
4865,2882,2
4866,2882,8
4867,2882,14
4868,2883,1
4869,2883,18
4870,2884,6
4871,2884,16
4872,2885,4
4873,2885,5
4874,2886,8
4875,2887,8
4876,2888,1
4877,2888,6
4878,2888,16
4879,2889,8
4880,2890,8
4881,2891,8
4882,2892,8
4883,2893,5
4884,2893,8
4885,2894,5
4886,2894,14
4887,2895,6
4888,2895,8
4889,2896,8
4890,2897,1
4891,2898,8
4892,2899,8
4893,2899,16
4894,2900,2
4895,2900,9
4896,2900,15
4897,2901,8
4898,2901,14
4899,2902,2
4900,2902,8
4901,2903,12
4902,2904,8
4903,2904,17
4904,2905,5
4905,2906,11
4906,2906,16
4907,2907,8
4908,2908,8
4909,2908,11
4910,2909,5
4911,2909,8
4912,2910,5
4913,2910,14
4914,2911,8
4915,2912,8
4916,2913,7
4917,2914,11
4918,2914,16
4919,2915,16
4920,2916,7
4921,2917,1
4922,2917,6
4923,2917,15
4924,2918,1
4925,2918,6
4926,2918,15
4927,2919,2
4928,2919,3
4929,2919,10
4930,2920,8
4931,2921,1
4932,2922,1
4933,2923,1
4934,2924,11
4935,2924,16
4936,2925,1
4937,2926,8
4938,2927,11
4939,2928,8
4940,2929,5
4941,2930,14
4942,2931,5
4943,2932,1
4944,2932,2
4945,2932,3
4946,2933,8
4947,2934,7
4948,2935,5
4949,2935,8
4950,2936,5
4951,2936,14
4952,2937,16
4953,2938,8
4954,2939,7
4955,2940,16
4956,2941,8
4957,2942,8
4958,2943,8
4959,2944,5
4960,2945,5
4961,2945,11
4962,2946,5
4963,2947,16
4964,2948,11
4965,2949,11
4966,2950,11
4967,2951,6
4968,2951,8
4969,2952,1
4970,2952,8
4971,2953,11
4972,2954,5
4973,2955,5
4974,2955,14
4975,2956,11
4976,2956,15
4977,2957,18
4978,2958,11
4979,2959,11
4980,2960,5
4981,2961,1
4982,2961,8
4983,2962,5
4984,2962,8
4985,2962,18
4986,2963,5
4987,2964,15
4988,2965,5
4989,2965,15
4990,2966,3
4991,2966,4
4992,2967,5
4993,2967,8
4994,2967,17
4995,2968,2
4996,2969,5
4997,2969,8
4998,2969,18
4999,2970,8
5000,2971,5
5001,2972,5
5002,2973,5
5003,2974,5
5004,2975,5
5005,2976,13
5006,2976,14
5007,2976,16
5008,2977,5
5009,2977,8
5010,2978,5
5011,2978,14
5012,2979,8
5013,2980,5
5014,2981,5
5015,2981,17
5016,2982,8
5017,2983,8
5018,2984,5
5019,2985,8
5020,2985,17
5021,2986,3
5022,2986,4
5023,2987,16
5024,2988,16
5025,2989,5
5026,2990,11
5027,2990,15
5028,2991,8
5029,2992,5
5030,2992,8
5031,2993,5
5032,2993,12
5033,2994,1
5034,2994,8
5035,2994,17
5036,2995,16
5037,2996,16
5038,2997,8
5039,2998,17
5040,2999,5
5041,2999,8
5042,3000,8
5043,3001,8
5044,3002,2
5045,3002,5
5046,3002,15
5047,3003,8
5048,3004,5
5049,3005,8
5050,3005,14
5051,3006,18
5052,3007,16
5053,3008,5
5054,3009,7
5055,3010,8
5056,3011,8
5057,3012,8
5058,3012,15
5059,3013,11
5060,3013,14
5061,3014,1
5062,3014,16
5063,3015,5
5064,3015,8
5065,3016,7
5066,3017,11
5067,3018,5
5068,3019,5
5069,3020,5
5070,3021,8
5071,3022,8
5072,3023,8
5073,3023,17
5074,3024,8
5075,3025,8
5076,3025,18
5077,3026,8
5078,3026,14
5079,3027,8
5080,3028,5
5081,3029,5
5082,3029,14
5083,3030,8
5084,3031,5
5085,3031,14
5086,3032,8
5087,3033,16
5088,3034,16
5089,3035,8
5090,3035,14
5091,3036,1
5092,3036,2
5093,3036,5
5094,3036,6
5095,3037,8
5096,3038,8
5097,3038,14
5098,3039,1
5099,3039,8
5100,3040,5
5101,3040,8
5102,3040,14
5103,3041,8
5104,3042,8
5105,3043,8
5106,3044,8
5107,3045,1
5108,3045,16
5109,3046,3
5110,3046,4
5111,3046,5
5112,3047,8
5113,3048,8
5114,3049,8
5115,3049,14
5116,3049,17
5117,3050,8
5118,3051,11
5119,3052,5
5120,3053,10
5121,3054,8
5122,3054,14
5123,3054,18
5124,3055,5
5125,3056,5
5126,3056,8
5127,3057,8
5128,3058,8
5129,3059,8
5130,3060,8
5131,3061,5
5132,3061,8
5133,3062,5
5134,3063,5
5135,3064,5
5136,3065,5
5137,3066,8
5138,3066,17
5139,3067,8
5140,3068,7
5141,3069,1
5142,3069,17
5143,3070,8
5144,3071,1
5145,3071,2
5146,3072,5
5147,3073,8
5148,3074,7
5149,3074,12
5150,3075,8
5151,3075,17
5152,3076,5
5153,3076,14
5154,3077,8
5155,3078,5
5156,3079,8
5157,3079,16
5158,3080,8
5159,3081,13
5160,3082,8
5161,3083,6
5162,3083,8
5163,3083,13
5164,3084,8
5165,3085,1
5166,3085,2
5167,3085,9
5168,3086,8
5169,3086,17
5170,3087,8
5171,3087,14
5172,3088,5
5173,3088,8
5174,3088,15
5175,3089,4
5176,3089,5
5177,3090,8
5178,3091,3
5179,3091,4
5180,3091,12
5181,3092,8
5182,3093,8
5183,3094,5
5184,3094,8
5185,3095,8
5186,3096,8
5187,3097,1
5188,3097,8
5189,3098,2
5190,3099,8
5191,3100,2
5192,3100,8
5193,3101,8
5194,3102,18
5195,3103,8
5196,3104,2
5197,3105,8
5198,3106,5
5199,3106,8
5200,3107,2
5201,3107,5
5202,3107,15
5203,3108,8
5204,3108,13
5205,3108,16
5206,3109,5
5207,3110,8
5208,3111,8
5209,3112,5
5210,3112,8
5211,3113,8
5212,3114,7
5213,3115,8
5214,3116,1
5215,3116,5
5216,3116,6
5217,3116,8
5218,3117,8
5219,3118,8
5220,3119,8
5221,3120,7
5222,3121,5
5223,3122,2
5224,3122,15
5225,3123,8
5226,3124,8
5227,3125,7
5228,3126,8
5229,3127,8
5230,3128,8
5231,3128,17
5232,3129,1
5233,3130,8
5234,3131,5
5235,3131,12
5236,3131,14
5237,3132,5
5238,3132,8
5239,3133,8
5240,3134,8
5241,3135,16
5242,3136,16
5243,3137,11
5244,3138,14
5245,3139,2
5246,3140,1
5247,3140,5
5248,3141,8
5249,3142,5
5250,3143,8
5251,3144,8
5252,3145,3
5253,3145,4
5254,3146,8
5255,3147,8
5256,3148,11
5257,3149,8
5258,3150,8
5259,3151,16
5260,3152,8
5261,3153,8
5262,3154,8
5263,3155,8
5264,3156,8
5265,3157,5
5266,3157,14
5267,3158,7
5268,3159,5
5269,3159,8
5270,3159,16
5271,3160,5
5272,3161,6
5273,3161,8
5274,3162,16
5275,3163,5
5276,3164,5
5277,3165,5
5278,3166,5
5279,3167,5
5280,3168,18
5281,3169,7
5282,3170,16
5283,3171,5
5284,3172,5
5285,3173,5
5286,3174,5
5287,3175,5
5288,3176,5
5289,3176,14
5290,3177,8
5291,3178,8
5292,3179,5
5293,3179,6
5294,3180,5
5295,3181,16
5296,3182,8
5297,3183,8
5298,3183,13
5299,3184,8
5300,3185,5
5301,3186,5
5302,3187,5
5303,3187,8
5304,3188,1
5305,3188,16
5306,3189,1
5307,3189,8
5308,3189,14
5309,3189,16
5310,3190,5
5311,3191,8
5312,3191,14
5313,3192,8
5314,3193,5
5315,3193,8
5316,3193,14
5317,3194,8
5318,3194,13
5319,3195,5
5320,3196,5
5321,3196,11
5322,3197,1
5323,3197,6
5324,3198,1
5325,3198,5
5326,3198,6
5327,3198,8
5328,3199,1
5329,3199,16
5330,3200,1
5331,3200,5
5332,3201,2
5333,3201,14
5334,3201,15
5335,3202,8
5336,3203,8
5337,3204,6
5338,3204,8
5339,3205,11
5340,3205,13
5341,3205,16
5342,3206,1
5343,3207,1
5344,3207,5
5345,3208,5
5346,3209,8
5347,3210,7
5348,3211,1
5349,3211,2
5350,3212,11
5351,3213,7
5352,3214,5
5353,3215,1
5354,3216,5
5355,3216,14
5356,3217,2
5357,3217,8
5358,3218,5
5359,3219,3
5360,3219,4
5361,3220,8
5362,3221,8
5363,3222,5
5364,3223,16
5365,3224,10
5366,3225,8
5367,3225,15
5368,3226,11
5369,3227,8
5370,3228,8
5371,3229,7
5372,3230,8
5373,3231,5
5374,3231,8
5375,3232,1
5376,3232,15
5377,3233,5
5378,3233,6
5379,3234,5
5380,3235,7
5381,3236,6
5382,3236,8
5383,3237,10
5384,3237,11
5385,3238,5
5386,3239,5
5387,3239,8
5388,3239,14
5389,3240,5
5390,3240,8
5391,3241,5
5392,3242,1
5393,3243,18
5394,3244,8
5395,3245,5
5396,3246,1
5397,3246,8
5398,3247,12
5399,3248,1
5400,3248,16
5401,3249,5
5402,3249,8
5403,3250,16
5404,3251,8
5405,3252,5
5406,3252,14
5407,3253,5
5408,3254,5
5409,3255,5
5410,3255,6
5411,3256,5
5412,3257,5
5413,3257,8
5414,3258,5
5415,3258,15
5416,3259,7
5417,3260,6
5418,3260,8
5419,3261,8
5420,3262,8
5421,3263,8
5422,3264,2
5423,3264,4
5424,3265,8
5425,3266,6
5426,3266,8
5427,3266,10
5428,3266,16
5429,3267,6
5430,3267,8
5431,3268,8
5432,3269,5
5433,3269,8
5434,3270,7
5435,3271,17
5436,3272,11
5437,3272,15
5438,3273,5
5439,3274,8
5440,3274,17
5441,3275,5
5442,3275,8
5443,3275,14
5444,3276,11
5445,3277,2
5446,3277,4
5447,3278,11
5448,3279,8
5449,3280,6
5450,3280,16
5451,3281,5
5452,3282,8
5453,3283,11
5454,3284,8
5455,3285,5
5456,3285,14
5457,3286,15
5458,3287,16
5459,3288,7
5460,3289,8
5461,3289,14
5462,3290,5
5463,3290,14
5464,3291,8
5465,3292,8
5466,3293,5
5467,3294,5
5468,3294,6
5469,3294,8
5470,3295,5
5471,3295,8
5472,3296,6
5473,3296,10
5474,3297,18
5475,3298,1
5476,3298,2
5477,3298,17
5478,3299,17
5479,3300,14
5480,3300,18
5481,3301,6
5482,3302,8
5483,3302,16
5484,3303,8
5485,3304,1
5486,3304,17
5487,3305,18
5488,3306,8
5489,3307,15
5490,3308,14
5491,3309,8
5492,3309,17
5493,3310,8
5494,3311,8
5495,3312,10
5496,3313,5
5497,3313,8
5498,3314,8
5499,3315,8
5500,3315,12
5501,3316,1
5502,3317,5
5503,3318,8
5504,3318,13
5505,3319,5
5506,3320,5
5507,3321,1
5508,3321,2
5509,3322,2
5510,3323,5
5511,3324,5
5512,3325,5
5513,3325,9
5514,3326,5
5515,3326,14
5516,3327,5
5517,3328,4
5518,3328,5
5519,3329,4
5520,3329,5
5521,3330,4
5522,3330,5
5523,3331,4
5524,3331,5
5525,3332,3
5526,3332,4
5527,3333,2
5528,3333,15
5529,3334,8
5530,3335,8
5531,3335,16
5532,3336,1
5533,3336,8
5534,3337,1
5535,3337,8
5536,3338,1
5537,3338,2
5538,3338,17
5539,3339,5
5540,3339,8
5541,3340,8
5542,3341,8
5543,3341,16
5544,3342,5
5545,3342,8
5546,3343,8
5547,3344,2
5548,3345,6
5549,3345,8
5550,3346,14
5551,3347,8
5552,3348,8
5553,3349,2
5554,3349,5
5555,3349,15
5556,3350,1
5557,3350,8
5558,3351,5
5559,3351,6
5560,3352,8
5561,3352,16
5562,3353,5
5563,3354,5
5564,3354,14
5565,3355,8
5566,3356,5
5567,3356,8
5568,3357,8
5569,3358,8
5570,3358,14
5571,3359,6
5572,3360,8
5573,3361,3
5574,3361,5
5575,3362,1
5576,3362,8
5577,3363,1
5578,3363,8
5579,3364,1
5580,3364,8
5581,3365,1
5582,3365,8
5583,3366,1
5584,3366,8
5585,3367,6
5586,3367,10
5587,3368,8
5588,3368,14
5589,3369,8
5590,3370,1
5591,3370,4
5592,3370,9
5593,3371,1
5594,3371,4
5595,3371,9
5596,3372,1
5597,3372,4
5598,3372,9
5599,3373,1
5600,3373,17
5601,3374,1
5602,3375,1
5603,3375,8
5604,3375,16
5605,3376,1
5606,3377,13
5607,3377,16
5608,3378,5
5609,3379,8
5610,3380,5
5611,3380,8
5612,3380,17
5613,3381,8
5614,3382,5
5615,3383,5
5616,3383,8
5617,3384,1
5618,3384,14
5619,3385,8
5620,3385,14
5621,3386,5
5622,3386,14
5623,3387,8
5624,3387,16
5625,3388,8
5626,3389,8
5627,3390,8
5628,3390,14
5629,3391,8
5630,3391,11
5631,3392,5
5632,3393,2
5633,3393,8
5634,3393,16
5635,3394,5
5636,3395,5
5637,3396,15
5638,3396,16
5639,3397,8
5640,3398,5
5641,3398,9
5642,3399,8
5643,3399,18
5644,3400,8
5645,3401,8
5646,3402,2
5647,3402,8
5648,3403,8
5649,3403,15
5650,3404,11
5651,3405,5
5652,3406,15
5653,3406,16
5654,3407,8
5655,3407,14
5656,3408,11
5657,3408,13
5658,3408,16
5659,3409,5
5660,3409,8
5661,3410,8
5662,3411,2
5663,3411,9
5664,3411,14
5665,3412,8
5666,3413,5
5667,3414,8
5668,3415,3
5669,3415,4
5670,3416,16
5671,3417,11
5672,3418,15
5673,3419,18
5674,3420,11
5675,3420,15
5676,3421,2
5677,3421,9
5678,3422,11
5679,3423,5
5680,3424,2
5681,3425,11
5682,3426,2
5683,3426,18
5684,3427,5
5685,3427,8
5686,3428,8
5687,3429,5
5688,3430,8
5689,3431,11
5690,3432,5
5691,3432,8
5692,3433,5
5693,3433,14
5694,3434,8
5695,3435,8
5696,3435,15
5697,3436,5
5698,3436,8
5699,3437,16
5700,3438,5
5701,3438,8
5702,3439,5
5703,3440,18
5704,3441,8
5705,3442,8
5706,3442,16
5707,3443,5
5708,3444,8
5709,3444,14
5710,3445,8
5711,3445,16
5712,3446,8
5713,3447,5
5714,3448,5
5715,3448,14
5716,3449,6
5717,3449,8
5718,3450,8
5719,3450,16
5720,3451,1
5721,3451,17
5722,3452,5
5723,3453,5
5724,3453,6
5725,3453,8
5726,3454,8
5727,3455,1
5728,3455,16
5729,3456,5
5730,3456,14
5731,3457,5
5732,3458,5
5733,3458,8
5734,3459,1
5735,3459,15
5736,3459,16
5737,3460,8
5738,3460,14
5739,3461,6
5740,3461,16
5741,3462,5
5742,3463,5
5743,3463,8
5744,3463,14
5745,3464,5
5746,3465,8
5747,3466,5
5748,3467,5
5749,3467,11
5750,3467,16
5751,3468,5
5752,3468,14
5753,3469,5
5754,3469,8
5755,3470,5
5756,3471,7
5757,3472,14
5758,3472,16
5759,3473,1
5760,3474,8
5761,3475,5
5762,3475,8
5763,3476,5
5764,3477,12
5765,3477,17
5766,3478,8
5767,3478,16
5768,3479,8
5769,3480,5
5770,3480,8
5771,3481,12
5772,3482,11
5773,3483,16
5774,3484,5
5775,3485,8
5776,3485,16
5777,3486,8
5778,3486,14
5779,3487,1
5780,3487,16
5781,3488,5
5782,3488,8
5783,3489,16
5784,3490,8
5785,3491,8
5786,3492,8
5787,3493,8
5788,3494,5
5789,3494,8
5790,3495,1
5791,3495,11
5792,3496,4
5793,3496,5
5794,3497,5
5795,3497,8
5796,3498,5
5797,3498,8
5798,3499,5
5799,3500,8
5800,3501,5
5801,3501,8
5802,3502,8
5803,3503,8
5804,3504,11
5805,3504,15
5806,3505,11
5807,3505,15
5808,3506,11
5809,3506,15
5810,3507,8
5811,3508,1
5812,3508,11
5813,3508,15
5814,3509,8
5815,3510,1
5816,3510,8
5817,3511,8
5818,3512,8
5819,3513,8
5820,3514,8
5821,3515,8
5822,3516,1
5823,3516,8
5824,3516,14
5825,3516,16
5826,3517,2
5827,3517,17
5828,3518,8
5829,3519,11
5830,3520,6
5831,3520,8
5832,3521,11
5833,3522,5
5834,3523,5
5835,3523,8
5836,3524,3
5837,3524,15
5838,3525,1
5839,3525,15
5840,3526,8
5841,3527,5
5842,3528,5
5843,3529,5
5844,3530,8
5845,3531,5
5846,3531,12
5847,3532,5
5848,3532,12
5849,3533,5
5850,3533,18
5851,3534,12
5852,3535,5
5853,3536,12
5854,3537,8
5855,3537,12
5856,3538,12
5857,3539,5
5858,3539,8
5859,3539,18
5860,3540,5
5861,3541,7
5862,3542,12
5863,3543,3
5864,3543,4
5865,3543,5
5866,3544,2
5867,3544,12
5868,3544,14
5869,3545,5
5870,3546,5
5871,3546,14
5872,3547,3
5873,3547,4
5874,3548,5
5875,3548,14
5876,3549,5
5877,3550,5
5878,3551,5
5879,3552,5
5880,3552,8
5881,3553,8
5882,3553,11
5883,3554,5
5884,3555,1
5885,3555,16
5886,3556,1
5887,3557,7
5888,3558,5
5889,3559,11
5890,3559,16
5891,3560,1
5892,3560,8
5893,3560,17
5894,3561,5
5895,3562,11
5896,3563,5
5897,3564,5
5898,3565,1
5899,3566,16
5900,3567,1
5901,3568,8
5902,3569,8
5903,3570,1
5904,3570,14
5905,3570,15
5906,3571,1
5907,3572,5
5908,3572,8
5909,3573,8
5910,3574,18
5911,3575,1
5912,3575,8
5913,3575,17
5914,3576,18
5915,3577,8
5916,3578,5
5917,3579,8
5918,3580,11
5919,3580,15
5920,3581,8
5921,3582,11
5922,3583,11
5923,3584,11
5924,3585,7
5925,3586,1
5926,3586,8
5927,3586,17
5928,3587,8
5929,3588,6
5930,3589,8
5931,3590,15
5932,3591,15
5933,3591,16
5934,3592,11
5935,3592,15
5936,3592,16
5937,3593,11
5938,3593,15
5939,3593,16
5940,3594,11
5941,3594,15
5942,3594,16
5943,3595,11
5944,3595,15
5945,3595,16
5946,3596,11
5947,3596,15
5948,3596,16
5949,3597,11
5950,3597,15
5951,3597,16
5952,3598,11
5953,3598,15
5954,3598,16
5955,3599,1
5956,3599,5
5957,3600,8
5958,3600,14
5959,3601,5
5960,3602,17
5961,3603,5
5962,3603,18
5963,3604,2
5964,3604,4
5965,3605,2
5966,3605,4
5967,3606,2
5968,3606,4
5969,3607,12
5970,3608,8
5971,3608,11
5972,3609,7
5973,3610,8
5974,3611,7
5975,3612,7
5976,3613,18
5977,3614,18
5978,3615,8
5979,3615,10
5980,3616,8
5981,3616,14
5982,3617,5
5983,3617,8
5984,3617,14
5985,3618,16
5986,3619,15
5987,3620,5
5988,3621,5
5989,3622,5
5990,3623,5
5991,3624,5
5992,3624,11
5993,3625,5
5994,3625,11
5995,3626,5
5996,3626,11
5997,3627,5
5998,3627,11
5999,3628,5
6000,3628,11
6001,3628,15
6002,3629,1
6003,3629,15
6004,3629,16
6005,3630,1
6006,3630,2
6007,3630,15
6008,3631,2
6009,3631,8
6010,3631,14
6011,3631,15
6012,3632,8
6013,3632,15
6014,3633,6
6015,3633,8
6016,3633,15
6017,3634,1
6018,3634,15
6019,3635,1
6020,3635,15
6021,3636,1
6022,3636,15
6023,3637,1
6024,3637,2
6025,3637,14
6026,3637,16
6027,3638,10
6028,3638,13
6029,3638,16
6030,3639,8
6031,3640,11
6032,3640,16
6033,3641,11
6034,3642,1
6035,3642,5
6036,3643,8
6037,3644,5
6038,3645,8
6039,3646,8
6040,3647,5
6041,3648,1
6042,3648,6
6043,3649,1
6044,3649,6
6045,3650,7
6046,3651,5
6047,3651,14
6048,3652,8
6049,3653,5
6050,3654,5
6051,3655,8
6052,3656,8
6053,3656,17
6054,3657,3
6055,3657,12
6056,3658,1
6057,3658,16
6058,3659,5
6059,3659,11
6060,3660,16
6061,3661,1
6062,3661,6
6063,3662,8
6064,3662,13
6065,3663,8
6066,3663,16
6067,3664,11
6068,3665,8
6069,3666,8
6070,3667,6
6071,3667,8
6072,3668,8
6073,3669,8
6074,3669,18
6075,3670,8
6076,3671,5
6077,3671,14
6078,3672,1
6079,3672,5
6080,3673,6
6081,3673,8
6082,3674,8
6083,3674,17
6084,3675,5
6085,3675,14
6086,3676,1
6087,3676,6
6088,3677,2
6089,3677,3
6090,3677,15
6091,3678,8
6092,3678,17
6093,3679,8
6094,3680,5
6095,3680,14
6096,3681,8
6097,3682,8
6098,3683,3
6099,3683,4
6100,3683,5
6101,3684,5
6102,3685,1
6103,3685,8
6104,3685,17
6105,3686,3
6106,3686,4
6107,3686,5
6108,3687,1
6109,3687,2
6110,3687,16
6111,3688,8
6112,3689,11
6113,3690,8
6114,3690,15
6115,3690,16
6116,3691,3
6117,3691,4
6118,3691,12
6119,3692,5
6120,3693,6
6121,3693,8
6122,3694,11
6123,3695,1
6124,3695,6
6125,3695,16
6126,3696,1
6127,3696,6
6128,3696,16
6129,3697,8
6130,3697,14
6131,3698,1
6132,3698,17
6133,3699,1
6134,3699,17
6135,3700,1
6136,3700,17
6137,3701,1
6138,3702,2
6139,3702,6
6140,3702,15
6141,3702,16
6142,3703,1
6143,3703,2
6144,3704,11
6145,3705,5
6146,3706,5
6147,3707,3
6148,3707,4
6149,3707,12
6150,3708,3
6151,3708,4
6152,3708,12
6153,3709,5
6154,3709,11
6155,3710,5
6156,3710,8
6157,3711,15
6158,3712,15
6159,3713,1
6160,3713,6
6161,3714,1
6162,3714,6
6163,3715,6
6164,3715,8
6165,3716,5
6166,3717,5
6167,3717,11
6168,3718,5
6169,3719,5
6170,3720,8
6171,3720,13
6172,3721,8
6173,3722,8
6174,3723,8
6175,3724,18
6176,3725,1
6177,3725,15
6178,3726,5
6179,3726,8
6180,3727,8
6181,3728,14
6182,3728,16
6183,3729,16
6184,3730,16
6185,3731,3
6186,3731,4
6187,3732,8
6188,3732,14
6189,3733,8
6190,3733,13
6191,3734,1
6192,3734,15
6193,3735,8
6194,3736,5
6195,3737,1
6196,3737,2
6197,3737,8
6198,3738,18
6199,3739,1
6200,3739,2
6201,3740,8
6202,3740,17
6203,3741,5
6204,3742,8
6205,3742,16
6206,3743,8
6207,3743,17
6208,3744,5
6209,3745,8
6210,3746,5
6211,3747,8
6212,3748,5
6213,3748,8
6214,3749,5
6215,3749,12
6216,3750,5
6217,3751,4
6218,3752,5
6219,3753,8
6220,3753,14
6221,3754,8
6222,3755,8
6223,3755,14
6224,3756,8
6225,3757,11
6226,3757,15
6227,3757,16
6228,3758,1
6229,3758,15
6230,3759,5
6231,3760,5
6232,3760,14
6233,3761,5
6234,3761,11
6235,3761,16
6236,3762,5
6237,3763,11
6238,3764,11
6239,3764,15
6240,3765,2
6241,3765,8
6242,3765,14
6243,3766,16
6244,3767,1
6245,3767,5
6246,3767,17
6247,3768,11
6248,3769,11
6249,3770,11
6250,3771,11
6251,3772,1
6252,3772,5
6253,3773,11
6254,3774,11
6255,3775,8
6256,3776,8
6257,3777,5
6258,3778,11
6259,3779,8
6260,3779,16
6261,3780,16
6262,3781,6
6263,3781,16
6264,3782,5
6265,3783,5
6266,3784,8
6267,3785,8
6268,3785,14
6269,3786,8
6270,3786,14
6271,3787,8
6272,3788,16
6273,3789,5
6274,3790,7
6275,3791,6
6276,3792,5
6277,3793,5
6278,3794,15
6279,3794,16
6280,3795,1
6281,3795,2
6282,3795,15
6283,3796,5
6284,3796,7
6285,3797,5
6286,3798,8
6287,3799,5
6288,3800,5
6289,3801,8
6290,3802,8
6291,3802,18
6292,3803,8
6293,3804,5
6294,3804,18
6295,3805,5
6296,3805,14
6297,3806,11
6298,3807,8
6299,3808,1
6300,3808,2
6301,3808,9
6302,3809,15
6303,3810,1
6304,3811,7
6305,3812,7
6306,3813,5
6307,3814,5
6308,3814,8
6309,3815,5
6310,3816,5
6311,3816,14
6312,3817,8
6313,3818,8
6314,3819,8
6315,3819,14
6316,3820,1
6317,3820,2
6318,3820,9
6319,3821,7
6320,3822,6
6321,3822,8
6322,3823,11
6323,3824,5
6324,3824,16
6325,3825,8
6326,3826,6
6327,3826,16
6328,3827,6
6329,3827,16
6330,3828,5
6331,3828,8
6332,3829,1
6333,3829,5
6334,3830,5
6335,3831,5
6336,3831,8
6337,3832,5
6338,3832,8
6339,3833,8
6340,3834,8
6341,3835,8
6342,3836,5
6343,3837,6
6344,3838,8
6345,3839,11
6346,3840,5
6347,3840,14
6348,3841,8
6349,3841,12
6350,3842,5
6351,3843,5
6352,3843,8
6353,3844,7
6354,3845,8
6355,3846,8
6356,3847,8
6357,3848,11
6358,3849,11
6359,3850,11
6360,3851,8
6361,3851,9
6362,3852,5
6363,3853,5
6364,3854,11
6365,3854,15
6366,3855,5
6367,3856,5
6368,3857,2
6369,3857,15
6370,3858,2
6371,3858,15
6372,3859,5
6373,3859,11
6374,3860,5
6375,3861,11
6376,3862,11
6377,3862,15
6378,3863,11
6379,3863,15
6380,3864,11
6381,3864,15
6382,3865,15
6383,3866,11
6384,3867,8
6385,3867,16
6386,3868,15
6387,3868,16
6388,3869,11
6389,3870,11
6390,3871,11
6391,3872,11
6392,3873,11
6393,3874,5
6394,3875,5
6395,3875,8
6396,3876,2
6397,3876,3
6398,3876,4
6399,3877,1
6400,3877,8
6401,3877,16
6402,3878,16
6403,3879,5
6404,3880,8
6405,3881,8
6406,3882,8
6407,3883,8
6408,3883,16
