110824,5,YES,2,1357
110825,4,YES,2,3068
110826,4,YES,2,1537
110827,3,NO,2,647
110828,4,YES,2,2194
110829,4,YES,2,648
110830,5,YES,2,2268
110831,3,NO,2,2628
110832,3,NO,2,1103
110833,3,NO,2,2916
110834,5,YES,2,3468
110835,4,YES,2,1210
110836,3,NO,2,1792
110837,3,NO,2,1687
110838,2,NO,2,1213
110839,5,YES,2,3578
110840,3,NO,2,2881
110841,4,YES,2,3030
110842,3,NO,2,1217
110843,4,YES,2,3105
110844,2,NO,2,434
110845,3,NO,2,2126
110846,2,NO,2,3107
110847,3,NO,2,3108
110848,4,YES,2,3035
110849,3,NO,2,1253
110850,5,YES,2,1610
110851,3,NO,2,292
110852,5,YES,2,2236
110853,4,YES,2,3071
110854,2,NO,2,902
110855,4,YES,2,368
110856,5,YES,2,1259
110857,5,YES,2,3147
110858,4,YES,2,1544
110859,5,YES,2,1293
110860,4,YES,2,1188
110861,4,YES,2,3255
110862,2,NO,2,3256
110863,3,NO,2,3257
110864,5,YES,2,110
110865,3,NO,2,2278
110866,3,NO,2,2490
110867,4,YES,2,1834
110868,5,YES,2,3471
110869,4,YES,2,589
110870,3,NO,2,1690
110871,3,NO,2,3654
110872,3,NO,2,2852
110873,5,YES,2,1945
110874,4,YES,2,982
110875,4,YES,2,1873
110876,4,YES,2,2858
110877,5,YES,2,1225
110878,4,YES,2,2028
110879,5,YES,2,515
110880,3,NO,2,442
110881,3,NO,2,2312
110882,4,YES,2,265
110883,3,NO,2,1408
110884,3,NO,2,1084
110885,2,NO,2,3699
110886,5,YES,2,480
110887,4,YES,2,1442
110888,5,YES,2,2067
110889,3,NO,2,1265
110890,5,YES,2,1370
110891,5,YES,2,1193
110892,3,NO,2,1801
110893,3,NO,2,1372
110894,4,YES,2,2353
110895,4,YES,2,3334
110896,2,NO,2,2427
110897,5,YES,2,590
110898,5,YES,2,1196
110899,3,NO,2,1552
110900,4,YES,2,736
110901,4,YES,2,1198
110902,5,YES,2,593
110903,3,NO,2,2359
110904,2,NO,2,95
110905,3,NO,2,2717
110906,4,YES,2,2571
110907,3,NO,2,1917
110908,4,YES,2,2396
110909,3,NO,2,3735
110910,4,YES,2,1953
110911,3,NO,2,1597
110912,3,NO,2,3809
110913,5,YES,2,1954
110914,4,YES,2,1955
110915,3,NO,2,235
110916,5,YES,2,1124
110917,5,YES,2,1957
110918,4,YES,2,163
110919,1,NO,2,21
110920,3,NO,2,165
110921,3,NO,2,2321
110922,2,NO,2,1090
110923,5,YES,2,380
110924,5,YES,2,2501
110925,4,YES,2,349
110926,4,YES,2,457
110927,4,YES,2,1096
110928,5,YES,2,920
110929,3,NO,2,459
110930,4,YES,2,1527
110931,4,YES,2,3418
110932,3,NO,2,1385
110933,4,YES,2,3451
110934,4,YES,2,3095
110935,3,NO,2,780
110936,3,NO,2,498
110937,3,NO,2,2728
110938,5,YES,2,2002
110939,5,YES,2,1962
110940,5,YES,2,1784
110941,4,YES,2,2943
110942,3,NO,2,2006
110943,5,YES,2,318
110944,4,YES,2,1207
110945,2,NO,2,1968
110946,3,NO,2,3678
110947,3,NO,2,1244
110948,5,YES,2,356
110949,2,NO,2,1245
110950,5,YES,2,1246
110951,1,NO,2,3893
110952,5,YES,2,1247
111223,5,YES,6,2406
111224,4,YES,6,1101
111225,4,YES,6,3717
111226,4,YES,6,1030
111227,5,YES,6,1688
111228,5,YES,6,1035
111229,4,YES,6,3578
111230,4,YES,6,364
111231,5,YES,6,3501
111232,4,YES,6,3072
111233,4,YES,6,368
111234,2,NO,6,296
111235,5,YES,6,48
111236,5,YES,6,3074
111237,4,YES,6,1188
111238,3,NO,6,3508
111239,4,YES,6,588
111240,4,YES,6,1
111241,4,YES,6,1043
111242,1,NO,6,2858
111243,3,NO,6,377
111244,3,NO,6,590
111245,4,YES,6,595
111246,5,YES,6,597
111247,4,YES,6,383
111248,3,NO,6,2506
111249,3,NO,6,3524
111250,4,YES,6,1566
111251,4,YES,6,1569
111252,4,YES,6,2006
111253,4,YES,6,2081
111254,3,NO,6,2082
111255,3,NO,6,3600
111256,5,YES,6,3604
111257,4,YES,6,2802
111258,4,YES,6,3534
111259,5,YES,6,3536
111260,3,NO,6,1210
111261,5,YES,6,3753
111262,3,NO,6,3682
111263,3,NO,6,2017
111264,3,NO,6,3685
111265,3,NO,6,3610
111266,3,NO,6,1296
111267,4,YES,6,838
111268,3,NO,6,1007
111269,5,YES,6,1947
111270,5,YES,6,2966
111271,4,YES,6,266
111272,4,YES,6,17
111273,4,YES,6,3699
111274,4,YES,6,1441
111275,5,YES,6,1088
111276,4,YES,6,912
111277,5,YES,6,199
111278,5,YES,6,914
111279,5,YES,6,3408
111280,3,NO,6,1806
111281,4,YES,6,3624
111282,3,NO,6,2469
111283,4,YES,6,2396
111284,3,NO,6,2100
111285,3,NO,6,1959
111286,3,NO,6,2321
111287,5,YES,6,1380
111288,4,YES,6,920
111289,4,YES,6,569
111290,4,YES,6,1674
111291,4,YES,6,3565
111292,4,YES,6,1028
111293,4,YES,6,34
111294,4,YES,7,648
111295,4,YES,7,861
111296,5,YES,7,2916
111297,3,NO,7,3578
111298,3,NO,7,3793
111299,5,YES,7,1610
111300,5,YES,7,589
351,4,NO,666569,2
111302,4,YES,7,442
111303,5,YES,7,733
111304,3,NO,7,377
111305,5,YES,7,2353
111306,5,YES,7,1196
111307,5,YES,7,2571
111308,5,YES,7,380
111309,5,YES,7,1997
111310,4,YES,7,1270
111311,5,YES,7,457
111312,4,YES,7,1573
111313,4,YES,7,3753
111314,3,NO,7,3107
111315,5,YES,7,474
111316,4,YES,7,1722
111317,5,YES,7,3256
111318,4,YES,7,1580
111319,5,YES,7,110
111320,4,YES,7,1221
111321,5,YES,7,2028
111322,4,YES,7,480
111323,5,YES,7,349
111324,3,NO,7,3418
352,4,NO,666568,2
353,4,NO,666567,2
354,4,NO,666565,2
355,3,NO,666563,2
356,4,NO,666562,2
357,3,NO,666560,2
358,3,NO,666559,2
359,5,NO,666557,2
360,5,NO,666556,2
361,5,NO,666555,2
362,4,NO,666553,2
363,3,NO,666551,2
364,5,NO,666549,2
365,5,NO,666541,2
366,5,NO,666539,2
367,4,NO,666538,2
368,3,NO,666537,2
369,3,NO,666536,2
370,5,NO,666533,2
371,3,NO,666532,2
372,4,NO,666528,2
373,5,NO,666523,2
374,3,NO,666522,2
375,3,NO,666521,2
376,3,NO,666520,2
377,5,NO,666519,2
378,4,NO,666515,2
379,4,NO,666514,2
380,3,NO,666512,2
381,4,NO,666511,2
382,3,NO,666510,2
383,4,NO,666509,2
384,4,NO,666508,2
385,5,NO,666507,2
386,3,NO,666505,2
387,5,NO,666502,2
392,4,NO,666560,3
393,5,NO,666559,3
394,5,NO,666558,3
396,5,NO,666556,3
397,5,NO,666554,3
398,5,NO,666553,3
399,5,NO,666551,3
400,3,NO,666547,3
401,5,NO,666546,3
402,3,NO,666542,3
403,4,NO,666539,3
404,4,NO,666537,3
405,5,NO,666536,3
406,4,NO,666533,3
407,5,NO,666532,3
408,5,NO,666530,3
409,3,NO,666529,3
410,3,NO,666526,3
411,3,NO,666524,3
412,5,NO,666518,3
413,3,NO,666516,3
414,4,NO,666515,3
415,4,NO,666514,3
416,4,NO,666513,3
417,3,NO,666512,3
418,5,NO,666511,3
419,5,NO,666510,3
420,4,NO,666509,3
421,5,NO,666508,3
423,5,NO,666506,3
424,3,NO,666504,3
425,4,NO,666503,3
426,5,YES,666570,4
427,5,YES,666568,4
428,5,YES,666567,4
429,3,YES,666566,4
430,4,YES,666565,4
431,5,YES,666564,4
432,3,YES,666562,4
433,3,YES,666561,4
390,10,YES,666564,3
391,9,YES,666561,3
395,10,YES,666557,3
422,8,YES,666507,3
389,8,YES,666567,3
434,3,YES,666558,4
435,3,YES,666557,4
436,3,YES,666556,4
437,3,YES,666548,4
438,5,YES,666547,4
439,3,YES,666546,4
440,3,YES,666545,4
441,5,YES,666543,4
442,4,YES,666541,4
443,3,YES,666539,4
444,5,YES,666537,4
445,3,YES,666536,4
446,5,YES,666533,4
447,4,YES,666532,4
448,5,YES,666528,4
449,3,YES,666527,4
450,5,YES,666526,4
451,4,YES,666524,4
452,3,YES,666523,4
453,4,YES,666521,4
454,5,YES,666520,4
455,4,YES,666519,4
456,3,YES,666517,4
457,3,YES,666516,4
458,3,YES,666514,4
459,5,YES,666513,4
460,3,YES,666510,4
461,3,YES,666509,4
462,5,YES,666506,4
463,5,YES,666505,4
464,5,YES,666503,4
465,4,YES,666502,4
466,5,YES,666570,5
467,3,YES,666569,5
468,3,YES,666568,5
469,3,YES,666566,5
470,5,YES,666565,5
471,3,YES,666561,5
472,3,YES,666560,5
473,3,YES,666558,5
474,5,YES,666557,5
475,3,YES,666556,5
476,3,YES,666554,5
477,3,YES,666552,5
478,5,YES,666549,5
479,4,YES,666546,5
480,4,YES,666545,5
481,4,YES,666544,5
482,5,YES,666542,5
483,4,YES,666541,5
484,5,YES,666537,5
485,4,YES,666535,5
486,4,YES,666534,5
487,5,YES,666533,5
488,3,YES,666532,5
489,4,YES,666529,5
490,3,YES,666526,5
491,4,YES,666525,5
492,5,YES,666523,5
493,3,YES,666522,5
494,4,YES,666518,5
495,5,YES,666516,5
496,5,YES,666515,5
497,4,YES,666512,5
498,3,YES,666510,5
499,5,YES,666508,5
500,4,YES,666507,5
501,3,YES,666506,5
502,3,YES,666505,5
503,3,YES,666504,5
504,3,YES,666501,5
505,4,YES,666569,6
506,5,YES,666568,6
507,3,YES,666566,6
508,5,YES,666565,6
509,4,YES,666563,6
510,4,YES,666562,6
511,4,YES,666560,6
512,3,YES,666558,6
513,3,YES,666557,6
514,5,YES,666556,6
515,3,YES,666554,6
516,3,YES,666552,6
517,5,YES,666550,6
518,3,YES,666549,6
519,5,YES,666547,6
520,4,YES,666546,6
521,4,YES,666545,6
522,3,YES,666544,6
523,5,YES,666543,6
524,5,YES,666542,6
525,3,YES,666541,6
526,3,YES,666540,6
527,5,YES,666539,6
528,4,YES,666538,6
529,5,YES,666536,6
530,3,YES,666535,6
531,5,YES,666534,6
532,5,YES,666532,6
533,5,YES,666530,6
534,5,YES,666528,6
535,4,YES,666523,6
536,4,YES,666522,6
537,5,YES,666521,6
538,5,YES,666519,6
539,5,YES,666518,6
540,5,YES,666517,6
541,4,YES,666516,6
542,3,YES,666513,6
543,5,YES,666512,6
544,5,YES,666511,6
545,3,YES,666510,6
546,4,YES,666507,6
547,3,YES,666506,6
548,4,YES,666504,6
549,3,YES,666502,6
550,5,YES,666570,7
551,4,YES,666568,7
552,3,YES,666567,7
553,3,YES,666566,7
554,4,YES,666565,7
555,4,YES,666563,7
556,5,YES,666562,7
557,3,YES,666559,7
558,3,YES,666558,7
559,5,YES,666557,7
560,4,YES,666555,7
561,4,YES,666554,7
562,4,YES,666553,7
563,5,YES,666552,7
564,4,YES,666550,7
565,3,YES,666547,7
566,4,YES,666546,7
567,4,YES,666544,7
568,5,YES,666543,7
569,5,YES,666542,7
570,5,YES,666538,7
571,5,YES,666536,7
572,4,YES,666533,7
573,3,YES,666532,7
574,4,YES,666531,7
575,4,YES,666529,7
576,3,YES,666528,7
577,5,YES,666525,7
578,5,YES,666523,7
579,4,YES,666522,7
580,3,YES,666521,7
581,5,YES,666520,7
582,5,YES,666519,7
583,4,YES,666516,7
584,3,YES,666514,7
585,5,YES,666511,7
586,4,YES,666510,7
587,4,YES,666509,7
588,3,YES,666506,7
589,5,YES,666505,7
590,5,YES,666504,7
591,5,YES,666568,9
592,5,YES,666566,9
593,3,YES,666565,9
594,3,YES,666564,9
595,4,YES,666563,9
596,5,YES,666562,9
597,4,YES,666560,9
598,3,YES,666559,9
599,4,YES,666558,9
600,5,YES,666557,9
601,3,YES,666551,9
602,3,YES,666550,9
603,4,YES,666548,9
604,4,YES,666546,9
605,4,YES,666545,9
606,5,YES,666543,9
607,3,YES,666541,9
608,4,YES,666540,9
609,4,YES,666539,9
610,5,YES,666538,9
611,5,YES,666537,9
612,5,YES,666535,9
613,3,YES,666534,9
614,5,YES,666530,9
615,4,YES,666529,9
616,4,YES,666528,9
617,3,YES,666527,9
618,3,YES,666526,9
619,5,YES,666525,9
620,3,YES,666521,9
621,3,YES,666518,9
622,3,YES,666510,9
623,4,YES,666509,9
624,5,YES,666508,9
625,4,YES,666506,9
626,3,YES,666504,9
627,4,YES,666502,9
628,5,YES,666570,10
629,3,YES,666568,10
630,5,YES,666567,10
631,5,YES,666566,10
632,4,YES,666565,10
633,3,YES,666564,10
634,3,YES,666563,10
635,5,YES,666562,10
636,4,YES,666559,10
637,4,YES,666556,10
638,5,YES,666554,10
639,5,YES,666553,10
640,4,YES,666546,10
641,3,YES,666544,10
642,5,YES,666542,10
643,3,YES,666540,10
644,5,YES,666538,10
645,3,YES,666535,10
646,4,YES,666534,10
647,4,YES,666533,10
648,3,YES,666531,10
649,4,YES,666529,10
650,3,YES,666523,10
651,3,YES,666522,10
652,5,YES,666519,10
653,5,YES,666516,10
654,4,YES,666515,10
655,4,YES,666513,10
656,4,YES,666511,10
657,5,YES,666510,10
658,5,YES,666509,10
659,3,YES,666507,10
660,5,YES,666505,10
661,5,YES,666503,10
667,8,YES,666555,6
388,10,YES,666570,3
668,8,NO,666548,6
112131,3,NO,13,2987
112132,3,NO,13,648
112133,3,NO,13,2628
112134,3,NO,13,2054
112135,4,YES,13,1259
112136,5,YES,13,589
112137,3,NO,13,1690
112139,3,NO,13,153
112140,4,YES,13,1331
112141,3,NO,13,2135
112142,4,YES,13,1262
112143,5,YES,13,1196
112144,4,YES,13,590
112145,4,YES,13,1197
112146,4,YES,13,736
112147,5,YES,13,1198
112148,3,NO,13,2640
112149,3,NO,13,592
112150,3,NO,13,2641
112151,5,YES,13,593
112152,5,YES,13,2571
112153,3,NO,13,165
112154,3,NO,13,316
112155,4,YES,13,318
112156,3,NO,13,1429
112157,4,YES,13,1356
112158,5,YES,13,1287
112159,4,YES,13,329
112160,3,NO,13,3036
112161,4,YES,13,2161
112162,4,YES,13,1291
112163,3,NO,13,2094
112164,2,NO,13,1009
112165,4,YES,13,3479
112167,5,YES,13,260
112168,3,NO,13,1370
112169,4,YES,13,1372
112170,3,NO,13,1446
112171,4,YES,13,1374
112172,3,NO,13,1375
112173,3,NO,13,1376
112174,3,NO,13,1377
112175,4,YES,13,919
112176,3,NO,13,2822
112177,4,YES,13,2686
112178,3,NO,13,21
112179,3,NO,13,349
112180,4,YES,13,1527
112181,4,YES,13,780
112182,2,NO,13,3494
112183,5,YES,13,421
112184,3,NO,13,1967
112185,3,NO,13,1393
112186,3,NO,13,2916
112187,3,NO,13,434
112188,3,NO,13,1610
112189,1,NO,13,3070
112190,2,NO,13,2414
112191,2,NO,13,368
112192,4,YES,13,296
112193,4,YES,13,1544
112194,3,NO,13,1479
112195,3,NO,13,1049
112196,3,NO,13,517
112197,4,YES,13,50
112198,3,NO,13,952
112199,4,YES,13,1127
112200,3,NO,13,1129
112201,3,NO,13,380
112202,5,YES,13,527
112203,2,NO,13,60
112204,2,NO,13,457
112205,3,NO,13,459
112206,3,NO,13,2002
112207,2,NO,13,2005
112208,3,NO,13,3745
112209,3,NO,13,2006
112210,5,YES,13,1204
112211,3,NO,13,2871
112212,4,YES,13,2370
112213,3,NO,13,3175
112214,4,YES,13,1210
112215,3,NO,13,1216
112216,3,NO,13,1073
112217,3,NO,13,1722
112218,3,NO,13,3256
112219,3,NO,13,2528
112220,4,YES,13,1580
112221,4,YES,13,110
112222,3,NO,13,1587
112223,4,YES,13,2028
112224,3,NO,13,2968
112225,3,NO,13,3699
112226,3,NO,13,552
112227,4,YES,13,480
112228,3,NO,13,3269
112229,3,NO,13,2105
112230,3,NO,13,1233
112231,5,YES,13,1097
112232,3,NO,13,3417
112233,3,NO,13,3418
112234,3,NO,13,2616
112235,3,NO,13,2470
112236,3,NO,13,2617
112237,3,NO,13,2115
112238,4,YES,13,2046
112239,3,NO,14,3354
112240,5,YES,14,2997
112241,5,YES,14,1263
112242,1,NO,14,2572
112243,4,YES,14,2731
112244,4,YES,14,3033
112245,3,NO,14,2243
112246,3,NO,14,3623
112247,2,NO,14,2826
112248,5,YES,14,2686
112249,5,YES,14,2762
112250,4,YES,14,2692
112251,1,NO,14,2694
112252,2,NO,14,1968
112253,4,YES,14,3578
112254,5,YES,14,296
112255,5,YES,14,2920
112256,1,NO,14,1982
112257,3,NO,14,2858
112258,4,YES,14,3081
112259,1,NO,14,608
112260,2,NO,14,2959
112261,4,YES,14,1225
112262,4,YES,14,2396
112263,3,NO,14,2976
112465,3,NO,16,2987
112466,2,NO,16,2555
112467,2,NO,16,2629
112468,4,YES,16,1682
112469,3,NO,16,2485
112470,2,NO,16,2701
112471,1,NO,16,2568
112472,3,NO,16,3004
112473,4,YES,16,1269
112474,2,NO,16,2713
112475,3,NO,16,1911
112476,3,NO,16,3516
112477,3,NO,16,2643
112478,4,YES,16,2572
112479,2,NO,16,3016
112480,1,NO,16,2720
112481,2,NO,16,2722
112482,2,NO,16,2723
112483,4,YES,16,2724
112484,4,YES,16,2581
112485,3,NO,16,2805
112486,2,NO,16,266
112487,1,NO,16,2828
112488,4,YES,16,2683
112489,4,YES,16,2761
112490,5,YES,16,2699
112491,3,NO,16,2770
112492,1,NO,16,2856
112493,5,YES,16,2355
112494,5,YES,16,2369
112495,4,YES,16,3175
112496,3,NO,16,2888
112497,2,NO,16,2392
112498,5,YES,16,2394
112499,5,YES,16,2975
113317,4,YES,22,2987
113318,2,NO,22,648
113319,1,NO,22,3355
113320,2,NO,22,2628
113321,3,NO,22,3358
113322,3,NO,22,1754
113323,2,NO,22,216
113324,3,NO,22,1687
113325,2,NO,22,145
113326,3,NO,22,1689
113327,3,NO,22,2122
113328,3,NO,22,2124
113329,2,NO,22,2054
113330,4,YES,22,1253
113331,5,YES,22,3868
113332,4,YES,22,3869
113333,4,YES,22,2997
113334,4,YES,22,1259
113335,4,YES,22,585
113336,3,NO,22,586
113337,2,NO,22,587
113338,2,NO,22,3438
113339,3,NO,22,2490
113340,4,YES,22,589
113341,1,NO,22,1909
113342,4,YES,22,223
113343,3,NO,22,2133
113344,2,NO,22,2134
113345,3,NO,22,1405
113346,4,YES,22,1261
113347,4,YES,22,2064
113348,3,NO,22,1408
113349,4,YES,22,2138
113350,4,YES,22,2139
113351,4,YES,22,1265
113352,4,YES,22,733
113353,4,YES,22,1196
113354,3,NO,22,663
113355,3,NO,22,1197
113356,2,NO,22,736
113357,4,YES,22,1198
113358,2,NO,22,592
113359,4,YES,22,2716
113360,3,NO,22,2717
113361,3,NO,22,2571
113362,2,NO,22,2572
113363,1,NO,22,1917
113364,2,NO,22,230
113365,3,NO,22,231
113366,3,NO,22,161
113367,3,NO,22,163
113368,3,NO,22,165
113369,3,NO,22,3016
113370,4,YES,22,2141
113371,3,NO,22,3017
113372,4,YES,22,2072
113373,4,YES,22,1270
113374,2,NO,22,1347
113375,5,YES,22,671
113376,2,NO,22,1278
113377,4,YES,22,818
113378,3,NO,22,3450
113379,4,YES,22,1921
113380,4,YES,22,3526
113381,4,YES,22,3527
113382,3,NO,22,1923
113383,4,YES,22,678
113384,2,NO,22,312
113385,2,NO,22,3388
113386,3,NO,22,316
113387,3,NO,22,3020
113388,5,YES,22,318
113389,3,NO,22,173
113390,2,NO,22,248
113391,3,NO,22,2150
113392,2,NO,22,2081
113393,3,NO,22,1425
113394,2,NO,22,3896
113395,4,YES,22,1282
113396,2,NO,22,1429
113397,4,YES,22,1358
113398,4,YES,22,1288
113399,4,YES,22,3608
113400,2,NO,22,3535
113401,2,NO,22,1792
113402,4,YES,22,180
113403,3,NO,22,2302
113404,4,YES,22,1799
113405,2,NO,22,256
113406,4,YES,22,3033
113407,3,NO,22,257
113408,3,NO,22,3107
113409,2,NO,22,185
113410,4,YES,22,2161
113411,2,NO,22,3037
113412,3,NO,22,2163
113413,3,NO,22,3039
113414,4,YES,22,1291
113415,1,NO,22,1438
113416,2,NO,22,833
113417,4,YES,22,908
113418,2,NO,22,2671
113419,4,YES,22,2746
113420,3,NO,22,330
113422,1,NO,22,1876
113423,3,NO,22,333
113424,1,NO,22,3113
113425,4,YES,22,16
113426,2,NO,22,1441
113427,3,NO,22,1370
113428,4,YES,22,910
113429,4,YES,22,1517
113430,4,YES,22,2174
113431,4,YES,22,2249
113432,1,NO,22,1377
113433,5,YES,22,771
113434,3,NO,22,919
113435,2,NO,22,3624
113436,3,NO,22,3552
113437,3,NO,22,849
113438,3,NO,22,2826
113439,2,NO,22,1953
113440,1,NO,22,1882
113441,2,NO,22,1883
113442,4,YES,22,1884
113443,3,NO,22,3120
113444,2,NO,22,344
113445,3,NO,22,2320
113446,3,NO,22,2321
113447,4,YES,22,3052
113448,5,YES,22,2324
113449,2,NO,22,1527
113450,2,NO,22,1385
113451,3,NO,22,780
113452,4,YES,22,2189
113453,2,NO,22,1020
113454,4,YES,22,784
113455,4,YES,22,858
113456,1,NO,22,786
113457,4,YES,22,2762
113458,2,NO,22,2763
113459,4,YES,22,1967
113460,1,NO,22,353
113461,1,NO,22,2699
113462,4,YES,22,32
113463,4,YES,22,429
113464,3,NO,22,3208
113465,3,NO,22,2406
113466,3,NO,22,1606
113467,2,NO,22,39
113468,3,NO,22,2263
113469,2,NO,22,288
113470,1,NO,22,1608
113471,1,NO,22,2338
113472,4,YES,22,2265
113473,4,YES,22,2193
113474,4,YES,22,1391
113475,4,YES,22,2195
113476,5,YES,22,1394
113477,4,YES,22,2916
113478,4,YES,22,2918
113479,3,NO,22,500
113480,4,YES,22,1034
113481,1,NO,22,798
113482,2,NO,22,799
113483,4,YES,22,1036
113484,5,YES,22,3578
113485,3,NO,22,1974
113486,1,NO,22,1037
113487,3,NO,22,3210
113488,3,NO,22,434
113489,3,NO,22,292
113490,3,NO,22,2413
113491,3,NO,22,2416
113492,4,YES,22,368
113493,4,YES,22,47
113494,3,NO,22,296
113495,1,NO,22,2273
113496,1,NO,22,1544
113497,4,YES,22,2348
113498,3,NO,22,1476
113499,2,NO,22,1479
113500,5,YES,22,2858
113501,4,YES,22,1047
113502,2,NO,22,442
113503,3,NO,22,370
113504,3,NO,22,2423
113505,1,NO,22,377
113506,3,NO,22,1625
113507,2,NO,22,1552
113508,2,NO,22,2428
113509,1,NO,22,1485
113510,4,YES,22,3660
113511,4,YES,22,3661
113512,4,YES,22,3809
113513,4,YES,22,2791
113514,3,NO,22,2792
113515,2,NO,22,1991
113516,4,YES,22,1127
113517,3,NO,22,2794
113518,4,YES,22,2795
113519,1,NO,22,3300
113520,4,YES,22,1994
113521,3,NO,22,2797
113522,4,YES,22,380
113523,2,NO,22,454
113524,3,NO,22,2502
113525,4,YES,22,3160
113526,3,NO,22,457
113527,3,NO,22,65
113528,4,YES,22,2291
113529,2,NO,22,1566
113530,4,YES,22,1200
113531,3,NO,22,2003
113532,3,NO,22,2004
113533,4,YES,22,2005
113534,4,YES,22,1205
113535,4,YES,22,1136
113536,4,YES,22,532
113537,5,YES,22,608
113538,4,YES,22,70
113539,3,NO,22,3243
113540,3,NO,22,466
113541,3,NO,22,2371
113542,2,NO,22,3247
113543,4,YES,22,3174
113544,2,NO,22,3176
113545,3,NO,22,2374
113546,4,YES,22,1573
113547,3,NO,22,2376
113548,3,NO,22,104
113549,4,YES,22,2011
113550,3,NO,22,2012
113551,3,NO,22,1210
113552,1,NO,22,3826
113553,3,NO,22,3753
113554,4,YES,22,1214
113555,4,YES,22,1215
113556,4,YES,22,610
113557,3,NO,22,1073
113558,3,NO,22,542
113559,4,YES,22,543
113560,2,NO,22,546
113561,2,NO,22,473
113562,3,NO,22,474
113563,3,NO,22,2450
113564,4,YES,22,81
113565,4,YES,22,3253
113566,3,NO,22,3254
113567,2,NO,22,3255
113568,1,NO,22,3257
113569,3,NO,22,1653
113570,2,NO,22,1580
113571,4,YES,22,110
113572,3,NO,22,3258
113573,4,YES,22,111
113574,2,NO,22,112
113575,4,YES,22,1584
113576,2,NO,22,3835
113577,4,YES,22,1222
113578,5,YES,22,1225
113579,4,YES,22,1080
113580,4,YES,22,3698
113581,2,NO,22,480
113582,4,YES,22,555
113583,4,YES,22,1089
113584,4,YES,22,485
113585,4,YES,22,1732
113586,4,YES,22,2391
113587,4,YES,22,95
113588,3,NO,22,3267
113589,1,NO,22,2393
113590,4,YES,22,2395
113591,2,NO,22,2396
113592,2,NO,22,2100
113593,3,NO,22,1597
113594,4,YES,22,3917
113595,3,NO,22,2108
113596,2,NO,22,1091
113597,3,NO,22,708
113598,3,NO,22,1097
113599,4,YES,22,2542
113600,1,NO,22,2616
113601,2,NO,22,2470
113602,3,NO,22,2617
113603,4,YES,22,1673
113604,4,YES,22,1747
113605,4,YES,22,1748
113606,3,NO,22,2478
113607,4,YES,22,1676
113608,2,NO,22,208
113609,4,YES,22,1240
113610,4,YES,22,2046
113611,2,NO,22,2985
113612,3,NO,22,1246
113613,4,YES,22,1247
113918,4,YES,24,2987
113919,4,YES,24,3424
113920,3,NO,24,648
113921,1,NO,24,3354
113922,3,NO,24,2628
113923,4,YES,24,1259
113924,4,YES,24,3361
113925,4,YES,24,585
113926,4,YES,24,3000
113927,4,YES,24,153
113928,5,YES,24,2132
113929,4,YES,24,2064
113930,3,NO,24,802
113931,5,YES,24,1263
113932,4,YES,24,1265
113933,5,YES,24,1193
113934,4,YES,24,590
113935,4,YES,24,1197
113936,5,YES,24,1198
113937,4,YES,24,2640
113938,4,YES,24,592
113939,5,YES,24,593
113940,4,YES,24,2716
113941,4,YES,24,597
113942,5,YES,24,3448
113943,4,YES,24,303
113944,4,YES,24,1777
113945,4,YES,24,2144
113946,4,YES,24,2145
113947,4,YES,24,1270
113948,3,NO,24,2723
113949,4,YES,24,3526
113950,4,YES,24,2657
113951,3,NO,24,1784
113952,3,NO,24,1788
113953,4,YES,24,318
113954,4,YES,24,175
113955,4,YES,24,2081
113956,5,YES,24,1358
113957,5,YES,24,1288
113958,3,NO,24,3608
113959,3,NO,24,2734
113960,4,YES,24,2301
113961,4,YES,24,3104
113962,3,NO,24,329
113963,4,YES,24,3039
113964,4,YES,24,902
113965,4,YES,24,1291
113966,5,YES,24,1296
113967,4,YES,24,3471
113968,4,YES,24,2671
113969,5,YES,24,260
113970,4,YES,24,261
113971,2,NO,24,266
113972,4,YES,24,2243
113973,4,YES,24,1441
113974,4,YES,24,2245
113975,3,NO,24,2174
113976,5,YES,24,912
113977,4,YES,24,2248
113978,4,YES,24,1377
113979,5,YES,24,919
113980,5,YES,24,3552
113981,4,YES,24,2683
113982,4,YES,24,2757
113983,5,YES,24,1958
113984,5,YES,24,1959
113985,4,YES,24,3129
113986,5,YES,24,920
113987,1,NO,24,3707
113988,5,YES,24,858
113989,4,YES,24,2836
113990,4,YES,24,2692
113991,3,NO,24,1027
113992,3,NO,24,1965
113993,5,YES,24,1968
113994,4,YES,24,425
113995,4,YES,24,2406
113996,4,YES,24,2407
113997,4,YES,24,1535
113998,4,YES,24,1394
113999,4,YES,24,2915
114000,4,YES,24,2918
114001,3,NO,24,500
114002,4,YES,24,3210
114003,4,YES,24,364
114004,4,YES,24,3072
114005,5,YES,24,296
114006,4,YES,24,2858
114007,1,NO,24,372
114008,5,YES,24,50
114009,3,NO,24,2424
114010,4,YES,24,3081
114011,4,YES,24,2352
114012,5,YES,24,953
114013,4,YES,24,2791
114014,4,YES,24,2795
114015,4,YES,24,1057
114016,4,YES,24,2797
114017,3,NO,24,380
114018,5,YES,24,527
114019,3,NO,24,3160
114020,4,YES,24,1704
114021,4,YES,24,1633
114022,4,YES,24,1635
114023,4,YES,24,1569
114024,3,NO,24,2001
114025,5,YES,24,608
114026,3,NO,24,539
114027,4,YES,24,468
114028,4,YES,24,3175
114029,5,YES,24,1213
114030,4,YES,24,3685
114031,5,YES,24,1073
114032,4,YES,24,1079
114033,3,NO,24,1721
114034,4,YES,24,3254
114035,4,YES,24,1580
114036,4,YES,24,110
114037,2,NO,24,1584
114038,4,YES,24,1220
114039,3,NO,24,2023
114040,5,YES,24,1221
114041,4,YES,24,1225
114042,5,YES,24,2028
114043,4,YES,24,3699
114044,4,YES,24,1663
114045,4,YES,24,2396
114046,4,YES,24,2100
114047,5,YES,24,1230
114048,5,YES,24,1307
114049,4,YES,24,1090
114050,4,YES,24,1094
114051,4,YES,24,1674
114052,1,NO,24,208
114053,4,YES,24,1247
114139,3,NO,26,3421
114140,3,NO,26,3422
114141,4,YES,26,1179
114142,3,NO,26,3423
114143,3,NO,26,719
114144,3,NO,26,2622
114145,3,NO,26,648
114146,3,NO,26,3426
114147,2,NO,26,2628
114148,5,YES,26,1682
114149,2,NO,26,3287
114150,3,NO,26,2558
114151,2,NO,26,216
114152,3,NO,26,217
114153,2,NO,26,1689
114154,1,NO,26,2053
114155,3,NO,26,2054
114156,2,NO,26,3500
114157,1,NO,26,2059
114158,3,NO,26,724
114159,3,NO,26,3501
114160,4,YES,26,3502
114161,1,NO,26,2700
114162,5,YES,26,1259
114163,3,NO,26,1186
114164,2,NO,26,2701
114165,4,YES,26,3506
114166,5,YES,26,3360
114167,4,YES,26,3361
114168,2,NO,26,3362
114169,3,NO,26,2706
114170,2,NO,26,585
114171,2,NO,26,586
114172,4,YES,26,1833
114173,3,NO,26,587
114174,3,NO,26,588
114175,3,NO,26,589
114176,3,NO,26,1
662,8,YES,666565,3
669,10,YES,666533,6
114181,2,NO,26,2134
114182,3,NO,26,2137
114183,2,NO,26,1409
114184,4,YES,26,804
114185,4,YES,26,1265
114186,2,NO,26,1196
114187,3,NO,26,736
114188,4,YES,26,3441
114189,3,NO,26,2712
114190,3,NO,26,1198
114191,3,NO,26,592
114192,3,NO,26,593
114193,2,NO,26,2716
114194,3,NO,26,595
114195,4,YES,26,597
114196,2,NO,26,3448
114197,4,YES,26,1917
114198,3,NO,26,303
114199,1,NO,26,231
114200,3,NO,26,160
114201,2,NO,26,1777
114202,3,NO,26,234
114203,4,YES,26,161
114204,3,NO,26,1779
114205,3,NO,26,236
114206,3,NO,26,237
114207,4,YES,26,168
114208,3,NO,26,2144
114209,3,NO,26,2145
114210,3,NO,26,1270
114211,5,YES,26,2146
114212,3,NO,26,1271
114213,2,NO,26,1347
114214,1,NO,26,818
114215,2,NO,26,3450
114216,2,NO,26,673
114217,3,NO,26,3525
114218,5,YES,26,3526
114219,3,NO,26,2724
114220,3,NO,26,1923
114221,3,NO,26,3528
114222,5,YES,26,1784
114223,3,NO,26,315
114224,2,NO,26,317
114225,4,YES,26,318
114226,2,NO,26,248
114227,3,NO,26,1422
114228,3,NO,26,2154
114229,4,YES,26,2081
114230,2,NO,26,1425
114231,3,NO,26,2082
114232,3,NO,26,1285
114233,4,YES,26,2802
114234,3,NO,26,2805
114235,1,NO,26,3608
114236,3,NO,26,3100
114237,4,YES,26,3101
114238,4,YES,26,252
114239,3,NO,26,2302
114240,3,NO,26,185
114241,2,NO,26,3108
114242,3,NO,26,3039
114243,4,YES,26,902
114244,2,NO,26,830
114245,3,NO,26,1291
114246,2,NO,26,832
114247,3,NO,26,762
114248,4,YES,26,3614
114249,2,NO,26,1298
114250,3,NO,26,765
114251,5,YES,26,3543
114252,2,NO,26,1003
114253,3,NO,26,694
114254,1,NO,26,2746
114255,3,NO,26,1947
114256,5,YES,26,1876
114257,1,NO,26,333
114258,3,NO,26,260
114260,2,NO,26,261
114261,3,NO,26,3040
114262,1,NO,26,337
114263,3,NO,26,3114
114264,4,YES,26,2312
114265,4,YES,26,16
114266,3,NO,26,2313
114267,3,NO,26,339
114268,2,NO,26,267
114269,3,NO,26,195
114270,4,YES,26,2316
114271,5,YES,26,2243
114272,3,NO,26,2245
114273,3,NO,26,1370
114274,1,NO,26,1517
114275,4,YES,26,198
114276,2,NO,26,2247
114277,1,NO,26,2174
114278,3,NO,26,2248
114279,1,NO,26,1376
114280,3,NO,26,2822
114281,3,NO,26,3552
114282,3,NO,26,1013
114283,3,NO,26,1015
114284,3,NO,26,1880
114285,1,NO,26,2683
114286,3,NO,26,1954
114287,3,NO,26,1955
114288,5,YES,26,412
114289,2,NO,26,1883
114290,2,NO,26,413
114291,2,NO,26,2759
114292,3,NO,26,1957
114293,3,NO,26,3489
114294,3,NO,26,1958
114295,3,NO,26,416
114296,1,NO,26,344
114297,3,NO,26,1888
114298,5,YES,26,2321
114299,3,NO,26,276
114300,3,NO,26,278
114301,3,NO,26,3056
114302,4,YES,26,1380
114303,2,NO,26,1381
114304,3,NO,26,2259
114305,4,YES,26,1457
114306,4,YES,26,852
114307,3,NO,26,780
114308,2,NO,26,3703
114309,3,NO,26,1387
114310,2,NO,26,1388
114311,3,NO,26,3705
114312,4,YES,26,3707
114313,3,NO,26,1020
114314,1,NO,26,784
114315,4,YES,26,2906
114316,2,NO,26,1021
114317,2,NO,26,3638
114318,4,YES,26,1961
114319,1,NO,26,788
114320,1,NO,26,1028
114321,4,YES,26,1966
114322,3,NO,26,350
114323,3,NO,26,424
114324,4,YES,26,1968
114325,3,NO,26,3130
114326,3,NO,26,2403
114327,1,NO,26,429
114328,5,YES,26,356
114329,4,YES,26,3206
114330,3,NO,26,2404
114331,3,NO,26,2406
114332,3,NO,26,3063
114333,3,NO,26,2407
114334,3,NO,26,2261
114335,2,NO,26,38
114336,2,NO,26,2335
114337,5,YES,26,2262
114338,3,NO,26,39
114339,4,YES,26,2409
114340,2,NO,26,1461
114341,4,YES,26,1608
114342,2,NO,26,1463
114343,2,NO,26,1390
114344,3,NO,26,2266
114345,1,NO,26,1391
114346,4,YES,26,2268
114347,5,YES,26,1393
114348,3,NO,26,2269
114349,5,YES,26,1394
114350,2,NO,26,1100
114351,4,YES,26,1101
114352,4,YES,26,2915
114353,4,YES,26,2916
114354,3,NO,26,2918
114355,3,NO,26,500
114356,2,NO,26,1035
114357,2,NO,26,432
114358,3,NO,26,3210
114359,3,NO,26,2779
114360,4,YES,26,361
114361,3,NO,26,435
114362,4,YES,26,2411
114363,3,NO,26,364
114364,2,NO,26,2412
114365,4,YES,26,2340
114366,5,YES,26,45
114367,3,NO,26,1541
114368,2,NO,26,368
114369,3,NO,26,3219
114370,3,NO,26,48
114371,2,NO,26,2418
114372,3,NO,26,1544
114373,4,YES,26,3584
114374,5,YES,26,511
114375,4,YES,26,2858
114376,3,NO,26,440
114377,2,NO,26,441
114378,1,NO,26,370
114379,3,NO,26,517
114380,1,NO,26,518
114381,1,NO,26,445
114382,3,NO,26,2420
114383,5,YES,26,3152
114384,2,NO,26,2423
114385,3,NO,26,2424
114386,5,YES,26,2352
114387,4,YES,26,377
114388,4,YES,26,3082
114389,4,YES,26,378
114390,5,YES,26,3156
114391,3,NO,26,1625
114392,3,NO,26,2355
114393,3,NO,26,2429
114394,2,NO,26,1556
114395,1,NO,26,1485
114396,3,NO,26,3809
114397,3,NO,26,3590
114398,3,NO,26,3591
114399,1,NO,26,2791
114400,1,NO,26,1126
114401,2,NO,26,2794
114402,2,NO,26,2795
114403,2,NO,26,450
114404,2,NO,26,1994
114405,5,YES,26,524
114406,3,NO,26,2797
114407,1,NO,26,2798
114408,3,NO,26,380
114409,3,NO,26,1997
114410,5,YES,26,454
114411,3,NO,26,381
114412,2,NO,26,455
114413,4,YES,26,529
114414,4,YES,26,62
114415,2,NO,26,1703
114416,5,YES,26,3308
114417,5,YES,26,1704
114418,2,NO,26,64
114419,1,NO,26,2291
114420,4,YES,26,3098
114421,2,NO,26,2369
114422,3,NO,26,1569
114423,2,NO,26,1498
114424,2,NO,26,2003
114425,2,NO,26,1201
114426,1,NO,26,2004
114427,3,NO,26,2942
114428,4,YES,26,1135
114429,3,NO,26,2875
114430,4,YES,26,605
114431,3,NO,26,609
114432,3,NO,26,463
114433,2,NO,26,1711
114434,2,NO,26,539
114435,2,NO,26,466
114436,3,NO,26,1713
114437,4,YES,26,1640
114438,3,NO,26,467
114439,4,YES,26,74
114440,4,YES,26,3173
114441,2,NO,26,3247
114442,2,NO,26,3248
114443,3,NO,26,1644
114444,3,NO,26,3249
114445,5,YES,26,2447
114446,3,NO,26,1645
114447,3,NO,26,2375
114448,2,NO,26,104
114449,4,YES,26,2011
114450,2,NO,26,2012
114451,3,NO,26,2950
114452,3,NO,26,2014
114453,2,NO,26,2953
114454,3,NO,26,2881
114455,3,NO,26,3684
114456,4,YES,26,3686
114457,2,NO,26,612
114458,3,NO,26,1073
114459,3,NO,26,540
114460,3,NO,26,3688
114461,3,NO,26,3689
114462,3,NO,26,542
114463,4,YES,26,471
114464,3,NO,26,472
114465,2,NO,26,1079
114466,2,NO,26,3252
114467,3,NO,26,1721
114468,2,NO,26,3253
114469,3,NO,26,1722
114470,1,NO,26,3254
114471,3,NO,26,3255
114472,4,YES,26,3257
114473,5,YES,26,2528
114474,3,NO,26,3259
114475,1,NO,26,2459
114476,3,NO,26,1584
114477,3,NO,26,2387
114478,4,YES,26,1586
114479,2,NO,26,1588
114480,5,YES,26,118
114481,5,YES,26,2020
114482,2,NO,26,1220
114483,3,NO,26,3835
114484,3,NO,26,3690
114485,3,NO,26,2890
114486,3,NO,26,550
114487,4,YES,26,1084
114488,4,YES,26,480
114489,3,NO,26,3331
114490,3,NO,26,1088
114491,3,NO,26,1801
114492,3,NO,26,628
114493,5,YES,26,3261
114494,2,NO,26,3408
114495,5,YES,26,3263
114496,2,NO,26,487
114497,3,NO,26,2463
114498,3,NO,26,94
114499,4,YES,26,95
114500,5,YES,26,3194
114501,2,NO,26,2392
114502,3,NO,26,1663
114503,1,NO,26,3268
114504,2,NO,26,2539
114505,3,NO,26,3269
114506,2,NO,26,122
114507,3,NO,26,1593
114508,5,YES,26,2469
114509,3,NO,26,125
114510,3,NO,26,2100
114511,2,NO,26,1597
114512,2,NO,26,1302
114513,2,NO,26,994
114514,3,NO,26,2106
114515,2,NO,26,3846
114516,3,NO,26,2109
114517,4,YES,26,1307
114518,3,NO,26,1090
114519,3,NO,26,1092
114520,3,NO,26,708
114521,2,NO,26,1097
114522,3,NO,26,491
114523,3,NO,26,1810
114524,5,YES,26,2541
114525,2,NO,26,3418
114526,3,NO,26,2470
114527,3,NO,26,3274
114528,3,NO,26,2473
114529,5,YES,26,499
114530,5,YES,26,207
114531,4,YES,26,1678
114532,2,NO,26,208
114533,2,NO,26,135
114534,2,NO,26,2111
114535,2,NO,26,2042
114536,4,YES,26,1240
114537,3,NO,26,1246
114538,3,NO,26,1247
115425,4,YES,34,3424
115426,5,YES,34,1680
115427,3,NO,34,3358
115428,3,NO,34,2558
115429,5,YES,34,2485
115430,3,NO,34,2054
115431,4,YES,34,3868
115432,5,YES,34,1258
115433,4,YES,34,2700
115434,5,YES,34,1259
115435,1,NO,34,1188
115436,5,YES,34,3361
115437,4,YES,34,587
115438,4,YES,34,1835
115439,4,YES,34,222
115440,5,YES,34,1
115442,5,YES,34,2133
115443,3,NO,34,2134
115444,5,YES,34,3510
115445,5,YES,34,2710
115446,5,YES,34,1196
115447,5,YES,34,1197
115448,4,YES,34,2716
115449,4,YES,34,2572
115450,5,YES,34,597
115451,1,NO,34,236
115452,3,NO,34,163
115453,5,YES,34,2144
115454,5,YES,34,2145
115455,2,NO,34,2072
115456,5,YES,34,1270
115457,4,YES,34,1278
115458,4,YES,34,745
115459,4,YES,34,3450
115460,4,YES,34,3524
115461,3,NO,34,3526
115462,4,YES,34,1923
115463,4,YES,34,2581
115464,2,NO,34,3387
115465,2,NO,34,3388
115466,5,YES,34,1784
115467,5,YES,34,318
115468,2,NO,34,1350
115469,4,YES,34,2081
115470,5,YES,34,1285
115471,5,YES,34,2804
115472,3,NO,34,3608
115473,4,YES,34,3536
115474,3,NO,34,2735
115475,4,YES,34,3104
115476,5,YES,34,2302
115477,4,YES,34,1500
115478,5,YES,34,3033
115479,2,NO,34,2160
115480,4,YES,34,3039
115481,3,NO,34,837
115482,4,YES,34,838
115483,5,YES,34,2671
115484,3,NO,34,2747
663,10,YES,666501,4
115486,4,YES,34,339
115487,5,YES,34,17
115488,4,YES,34,1441
115489,4,YES,34,2174
115490,5,YES,34,2248
115491,3,NO,34,3623
115492,5,YES,34,919
115493,3,NO,34,3481
115494,3,NO,34,1888
115495,5,YES,34,2324
115496,5,YES,34,2329
115497,1,NO,34,1381
115498,4,YES,34,1387
115499,5,YES,34,1028
115500,4,YES,34,3499
115501,5,YES,34,1968
115502,3,NO,34,1895
115503,4,YES,34,353
115504,5,YES,34,356
115505,5,YES,34,34
115506,4,YES,34,2406
115507,5,YES,34,2261
115508,4,YES,34,39
115509,5,YES,34,1393
115510,5,YES,34,933
115511,3,NO,34,3712
115512,4,YES,34,1100
115513,4,YES,34,2915
115514,5,YES,34,2918
115515,4,YES,34,2413
115516,4,YES,34,2416
115517,3,NO,34,1541
115518,3,NO,34,3219
115519,4,YES,34,1479
115520,5,YES,34,2858
115521,5,YES,34,441
115522,3,NO,34,2423
115523,5,YES,34,2424
115524,4,YES,34,3087
115525,5,YES,34,3088
115526,4,YES,34,3591
115527,5,YES,34,2791
115528,4,YES,34,3594
115529,4,YES,34,2792
115530,5,YES,34,2794
115531,2,NO,34,3597
115532,5,YES,34,2795
115533,4,YES,34,2796
115534,4,YES,34,1994
115535,3,NO,34,380
115536,5,YES,34,1997
115537,2,NO,34,455
115538,3,NO,34,529
115539,4,YES,34,2432
115540,4,YES,34,1704
115541,4,YES,34,2291
115542,2,NO,34,2369
115543,5,YES,34,2000
115544,3,NO,34,1569
115545,5,YES,34,2001
115546,4,YES,34,1207
115547,4,YES,34,605
115548,4,YES,34,539
115549,4,YES,34,1641
115550,4,YES,34,2371
115551,3,NO,34,1717
115552,3,NO,34,1645
115553,5,YES,34,2375
115554,3,NO,34,2378
115555,3,NO,34,2379
115556,3,NO,34,2011
115557,4,YES,34,1219
115558,5,YES,34,1148
115559,5,YES,34,2888
115560,4,YES,34,543
115561,4,YES,34,1079
115562,4,YES,34,1721
115563,3,NO,34,3253
115564,4,YES,34,1722
115565,3,NO,34,2380
115566,4,YES,34,3257
115567,1,NO,34,2382
115568,1,NO,34,2383
115569,3,NO,34,3259
115570,4,YES,34,550
115571,4,YES,34,3408
115572,2,NO,34,3264
115573,4,YES,34,1735
115574,3,NO,34,3269
115575,2,NO,34,2469
115576,5,YES,34,2396
670,2,NO,666566,3
115577,3,NO,34,2100
115578,3,NO,34,1597
115579,1,NO,34,2108
115580,4,YES,34,2109
115581,5,YES,34,1307
115582,4,YES,34,1091
115583,4,YES,34,708
115584,5,YES,34,1097
115585,2,NO,34,2471
115586,5,YES,34,497
115587,4,YES,34,2478
115588,3,NO,34,3785
118874,5,YES,55,589
118875,3,NO,55,1266
118876,4,YES,55,593
118877,4,YES,55,678
118878,3,NO,55,3101
118879,5,YES,55,3114
118880,4,YES,55,912
118881,5,YES,55,1704
118882,3,NO,55,105
118883,4,YES,55,3250
118884,5,YES,55,110
118885,4,YES,55,150
118886,4,YES,55,1784
118887,5,YES,55,318
118888,3,NO,55,246
118889,4,YES,55,2687
118890,5,YES,55,2761
118891,5,YES,55,2762
118892,5,YES,55,356
118893,3,NO,55,296
118894,3,NO,55,50
118895,5,YES,55,527
118896,5,YES,55,457
118897,4,YES,55,3672
118898,3,NO,55,1213
120692,5,YES,69,1183
120693,4,YES,69,3006
120694,3,NO,69,1196
120695,2,NO,69,590
120696,5,YES,69,593
120697,4,YES,69,1357
120698,4,YES,69,1358
120699,4,YES,69,1291
120700,4,YES,69,2329
120701,5,YES,69,2336
120702,4,YES,69,1466
120703,5,YES,69,866
120704,4,YES,69,3148
120705,5,YES,69,3083
120706,5,YES,69,1704
120707,2,NO,69,2434
120708,4,YES,69,1635
120709,4,YES,69,2439
120710,4,YES,69,1721
120711,5,YES,69,1653
120712,2,NO,69,1584
120713,5,YES,69,1810
120714,4,YES,69,3418
120715,5,YES,69,1673
120716,5,YES,69,1747
120717,5,YES,69,1682
120718,3,NO,69,1904
120719,5,YES,69,1834
120720,2,NO,69,1699
120721,5,YES,69,232
120722,4,YES,69,161
120723,1,NO,69,2725
120724,4,YES,69,1784
120725,5,YES,69,321
120726,3,NO,69,1794
120727,5,YES,69,14
120728,4,YES,69,337
120729,4,YES,69,265
120730,5,YES,69,17
120731,5,YES,69,272
120732,5,YES,69,25
120733,4,YES,69,26
120734,4,YES,69,428
120735,4,YES,69,356
120736,5,YES,69,431
120737,5,YES,69,40
120738,4,YES,69,509
120739,5,YES,69,296
120740,5,YES,69,1041
120741,5,YES,69,2858
120742,5,YES,69,515
120743,4,YES,69,446
120744,4,YES,69,58
120745,5,YES,69,1120
120746,5,YES,69,2943
120747,4,YES,69,538
120748,5,YES,69,617
120749,4,YES,69,476
120750,2,NO,69,85
120751,5,YES,69,2890
120752,3,NO,69,2028
120753,5,YES,69,2969
120754,4,YES,69,1233
120755,5,YES,69,1095
120756,1,NO,69,562
122495,3,NO,91,2997
122496,5,YES,91,1265
122497,5,YES,91,1197
122498,5,YES,91,2073
122499,5,YES,91,1276
122500,5,YES,91,1278
122501,5,YES,91,3104
122502,5,YES,91,1500
122503,5,YES,91,3035
122504,4,YES,91,1294
122505,5,YES,91,910
122506,5,YES,91,2174
122507,5,YES,91,912
122508,5,YES,91,920
122509,5,YES,91,921
122510,5,YES,91,3060
122511,5,YES,91,1394
122512,4,YES,91,2418
122513,5,YES,91,947
122514,5,YES,91,969
122515,5,YES,91,898
122516,5,YES,91,110
122517,3,NO,91,111
122518,5,YES,91,2396
122519,5,YES,91,3421
122520,5,YES,91,3363
122521,4,YES,91,3386
122522,4,YES,91,2599
122523,5,YES,91,3543
122524,4,YES,91,268
122525,5,YES,91,21
122526,5,YES,91,2918
122527,4,YES,91,514
122528,5,YES,91,2788
122529,4,YES,91,2863
122530,5,YES,91,2791
122531,5,YES,91,3671
122532,4,YES,91,1060
122533,5,YES,91,1079
122534,5,YES,91,1226
122535,5,YES,91,1307
122536,5,YES,91,1238
122537,4,YES,91,492
122538,5,YES,91,497
124375,4,YES,108,1249
124376,3,NO,108,648
124377,5,YES,108,1250
124378,4,YES,108,3938
124379,4,YES,108,3948
124380,4,YES,108,593
124381,3,NO,108,1270
124382,2,NO,108,1282
124383,1,NO,108,1286
124384,5,YES,108,1449
124385,3,NO,108,1544
124386,1,NO,108,144
124387,5,YES,108,2700
124388,4,YES,108,3521
124389,3,NO,108,2657
124390,2,NO,108,266
124391,4,YES,108,3555
124392,4,YES,108,3578
124393,1,NO,108,1037
124394,2,NO,108,1976
124395,1,NO,108,1977
124396,4,YES,108,2858
124397,4,YES,108,2791
124398,3,NO,108,2792
124399,3,NO,108,522
124400,3,NO,108,1129
124401,4,YES,108,2006
124402,3,NO,108,3675
124403,5,YES,108,2948
124404,3,NO,108,3755
124405,1,NO,108,551
124406,4,YES,108,480
124407,4,YES,108,3911
124408,1,NO,108,3913
124409,2,NO,108,3925
124410,3,NO,108,3927
124411,4,YES,108,1171
127148,4,YES,130,1249
127149,5,YES,130,2989
127150,5,YES,130,648
127151,4,YES,130,3930
127152,5,YES,130,3932
127153,4,YES,130,3937
127154,5,YES,130,1250
127155,4,YES,130,3793
127156,5,YES,130,2991
127157,3,NO,130,2058
127158,5,YES,130,589
127160,5,YES,130,1261
127161,5,YES,130,1408
127162,5,YES,130,1196
127163,5,YES,130,1198
127164,5,YES,130,592
127165,5,YES,130,1275
127166,5,YES,130,1282
127167,5,YES,130,1356
127168,1,NO,130,1286
127169,5,YES,130,1287
127170,5,YES,130,3107
127171,5,YES,130,1291
127172,5,YES,130,2167
127173,4,YES,130,1370
127174,5,YES,130,1372
127175,5,YES,130,1374
127176,2,NO,130,1376
127177,5,YES,130,1527
127178,4,YES,130,1387
127179,4,YES,130,858
127180,5,YES,130,3062
127181,4,YES,130,2406
127182,5,YES,130,2194
127183,5,YES,130,1610
127184,4,YES,130,1617
127185,5,YES,130,940
127186,5,YES,130,3153
127187,5,YES,130,3082
127188,5,YES,130,2353
127189,5,YES,130,1722
127190,5,YES,130,3256
127191,3,NO,130,2527
127192,5,YES,130,1580
127193,5,YES,130,110
127194,5,YES,130,2529
127195,3,NO,130,2457
127196,2,NO,130,2458
127197,5,YES,130,3406
127198,5,YES,130,2393
127199,4,YES,130,3197
127200,5,YES,130,2476
127201,1,NO,130,3354
127202,5,YES,130,2490
127203,4,YES,130,3366
127204,3,NO,130,2640
127205,4,YES,130,3444
127206,4,YES,130,3519
127207,5,YES,130,2571
127208,5,YES,130,163
127209,5,YES,130,3527
127210,3,NO,130,2654
127211,1,NO,130,1855
127212,5,YES,130,2662
127214,5,YES,130,260
127215,3,NO,130,266
127216,4,YES,130,198
127217,1,NO,130,3623
127218,5,YES,130,3624
127219,5,YES,130,3481
127220,4,YES,130,3555
127221,5,YES,130,1953
127222,3,NO,130,1954
127223,5,YES,130,21
127224,4,YES,130,349
127225,5,YES,130,3702
127226,5,YES,130,3703
127227,5,YES,130,3633
127228,5,YES,130,3635
127229,5,YES,130,3639
127230,4,YES,130,353
127231,1,NO,130,288
127232,5,YES,130,1101
127233,5,YES,130,2916
127234,5,YES,130,1036
127235,5,YES,130,3578
127236,5,YES,130,368
127237,5,YES,130,296
127238,5,YES,130,3654
127239,4,YES,130,377
127240,5,YES,130,2791
127241,4,YES,130,1129
127242,3,NO,130,524
127243,5,YES,130,380
127244,4,YES,130,457
127245,5,YES,130,2000
127246,5,YES,130,3740
127247,5,YES,130,1200
127248,5,YES,130,1201
127249,1,NO,130,3745
127250,5,YES,130,2944
127251,5,YES,130,2872
127252,4,YES,130,3675
127253,5,YES,130,2947
127254,5,YES,130,2948
127255,5,YES,130,2949
127256,5,YES,130,2879
127257,4,YES,130,70
127258,5,YES,130,1210
127259,5,YES,130,3753
127260,5,YES,130,2951
127261,5,YES,130,1214
127262,5,YES,130,1215
127263,1,NO,130,3684
127264,5,YES,130,2019
127265,4,YES,130,474
127266,5,YES,130,1220
127267,4,YES,130,1221
127268,4,YES,130,3763
127269,5,YES,130,1222
127270,5,YES,130,2028
127271,1,NO,130,480
127272,4,YES,130,555
127273,3,NO,130,487
127274,1,NO,130,3917
127275,5,YES,130,1233
127276,4,YES,130,3926
127277,5,YES,130,3927
127278,5,YES,130,2115
127279,5,YES,130,1240
127280,4,YES,130,3928
127281,5,YES,130,1242
127282,4,YES,130,2985
127578,2,NO,132,3938
127579,4,YES,132,3868
127580,5,YES,132,1257
127581,4,YES,132,1259
127582,5,YES,132,585
127583,3,NO,132,588
127584,5,YES,132,1
127585,3,NO,132,2133
127586,4,YES,132,1261
127587,5,YES,132,1265
127588,5,YES,132,1197
127589,3,NO,132,671
127590,5,YES,132,1278
127591,4,YES,132,1285
127592,5,YES,132,1288
127593,3,NO,132,3104
127594,5,YES,132,1297
127595,4,YES,132,837
127596,5,YES,132,1517
127597,4,YES,132,2248
127598,3,NO,132,2321
127599,4,YES,132,3052
127600,4,YES,132,3060
127601,4,YES,132,2406
127602,4,YES,132,3072
127603,5,YES,132,2423
127604,4,YES,132,3157
127605,4,YES,132,2282
127606,5,YES,132,3087
127607,4,YES,132,2502
127608,3,NO,132,2506
127609,1,NO,132,2361
127610,5,YES,132,2371
127611,5,YES,132,3175
127612,5,YES,132,104
127613,4,YES,132,1580
127614,3,NO,132,3261
127615,3,NO,132,1732
127616,5,YES,132,2463
127617,3,NO,132,1663
127618,5,YES,132,2395
127619,5,YES,132,2396
127620,4,YES,132,3424
127621,3,NO,132,3358
127622,4,YES,132,141
127623,3,NO,132,2700
127624,4,YES,132,3361
127625,5,YES,132,2706
127626,1,NO,132,2560
127627,3,NO,132,3363
127628,5,YES,132,223
127629,3,NO,132,2499
127630,5,YES,132,3526
127631,5,YES,132,1923
127632,4,YES,132,312
127633,4,YES,132,1784
127634,4,YES,132,1858
127635,5,YES,132,2804
127636,4,YES,132,3608
127637,5,YES,132,3396
127638,2,NO,132,3397
127639,4,YES,132,3398
127640,2,NO,132,180
127641,4,YES,132,2599
127642,5,YES,132,3481
127643,3,NO,132,21
127644,3,NO,132,345
127645,5,YES,132,1968
127646,5,YES,132,34
127647,2,NO,132,357
127648,4,YES,132,367
127649,5,YES,132,2795
127650,4,YES,132,2797
127651,5,YES,132,69
127652,3,NO,132,2000
127653,3,NO,132,3671
127654,5,YES,132,1136
127655,4,YES,132,3751
127656,4,YES,132,2883
127657,4,YES,132,1073
127658,2,NO,132,471
127659,5,YES,132,1079
127660,5,YES,132,3760
127661,4,YES,132,1220
127662,5,YES,132,1080
127663,3,NO,132,551
127664,3,NO,132,2100
127665,4,YES,132,2108
127666,4,YES,132,2109
128734,4,YES,139,2987
128735,5,YES,139,1175
128736,5,YES,139,720
128737,2,NO,139,3868
128738,3,NO,139,1256
128739,3,NO,139,724
128740,4,YES,139,1258
128741,4,YES,139,1259
128742,5,YES,139,581
128743,3,NO,139,588
128744,4,YES,139,1
128745,3,NO,139,3941
128746,1,NO,139,3942
128747,4,YES,139,1333
128748,1,NO,139,1334
128749,4,YES,139,2137
128750,5,YES,139,2064
128751,5,YES,139,2138
128752,5,YES,139,2139
128753,4,YES,139,1339
128754,4,YES,139,1193
128755,5,YES,139,661
128756,4,YES,139,735
128757,5,YES,139,1196
128758,4,YES,139,1197
128759,5,YES,139,1198
128760,5,YES,139,592
128761,5,YES,139,593
128762,3,NO,139,594
128763,3,NO,139,595
128764,5,YES,139,2140
128765,5,YES,139,2143
128766,5,YES,139,1345
128767,3,NO,139,2148
128768,5,YES,139,1347
128769,5,YES,139,1274
128770,5,YES,139,1275
128771,5,YES,139,2078
128772,4,YES,139,1276
128773,3,NO,139,671
128774,4,YES,139,1278
128775,3,NO,139,674
128776,3,NO,139,3028
128777,3,NO,139,2080
128778,4,YES,139,1282
128779,3,NO,139,2085
128780,3,NO,139,1356
128781,5,YES,139,750
128782,5,YES,139,1285
128783,3,NO,139,2089
128784,5,YES,139,1288
128785,3,NO,139,2300
128786,3,NO,139,3033
128787,5,YES,139,3034
128788,3,NO,139,2160
128789,4,YES,139,2161
128790,5,YES,139,2090
128791,5,YES,139,902
128792,5,YES,139,1291
128793,5,YES,139,1294
128794,5,YES,139,2097
128795,1,NO,139,1298
128796,2,NO,139,3040
128797,3,NO,139,3114
128798,4,YES,139,2174
128799,3,NO,139,1372
128800,3,NO,139,1374
128801,4,YES,139,1375
128802,4,YES,139,1376
128803,3,NO,139,1377
128804,3,NO,139,918
128805,4,YES,139,919
128806,5,YES,139,3052
128807,5,YES,139,1527
128808,3,NO,139,924
128809,4,YES,139,780
128810,5,YES,139,1387
128811,4,YES,139,926
128812,3,NO,139,3201
128813,3,NO,139,2405
128814,3,NO,139,2406
128815,4,YES,139,2336
128816,3,NO,139,3067
128817,5,YES,139,2193
128818,4,YES,139,1391
128819,4,YES,139,2194
128820,3,NO,139,1394
128821,5,YES,139,1610
128822,3,NO,139,3142
128823,4,YES,139,3070
128824,5,YES,139,2414
128825,5,YES,139,1617
128826,5,YES,139,2348
128827,4,YES,139,2355
128828,4,YES,139,950
128829,4,YES,139,2361
128830,4,YES,139,2363
128831,3,NO,139,3168
128832,2,NO,139,2366
128833,5,YES,139,1641
128834,4,YES,139,3175
128835,3,NO,139,107
128836,5,YES,139,2528
128837,4,YES,139,1580
128838,4,YES,139,110
128839,3,NO,139,2384
128840,1,NO,139,2459
128841,4,YES,139,1584
128842,4,YES,139,1587
128843,3,NO,139,3334
128844,4,YES,139,3265
128845,3,NO,139,1663
128846,5,YES,139,2467
128847,4,YES,139,2396
128848,3,NO,139,994
128849,5,YES,139,2617
128850,5,YES,139,1673
128851,5,YES,139,1748
128852,4,YES,139,1676
128853,5,YES,139,206
128854,4,YES,139,2628
128855,3,NO,139,2700
128856,3,NO,139,2495
128857,5,YES,139,2710
128858,4,YES,139,3441
128859,2,NO,139,2640
128860,2,NO,139,2641
128861,4,YES,139,2716
128862,4,YES,139,3448
128863,4,YES,139,235
128864,5,YES,139,162
128865,4,YES,139,2723
128866,2,NO,139,3527
128867,5,YES,139,2657
128868,4,YES,139,1856
128869,4,YES,139,316
128870,5,YES,139,318
128871,5,YES,139,2804
128872,5,YES,139,3539
128873,5,YES,139,3468
128874,3,NO,139,253
128875,3,NO,139,180
128876,5,YES,139,3471
128877,3,NO,139,3545
128878,4,YES,139,2746
128879,4,YES,139,3476
128880,3,NO,139,1947
128881,5,YES,139,260
128882,2,NO,139,2820
128883,1,NO,139,3627
128884,4,YES,139,3481
128885,3,NO,139,349
128886,3,NO,139,3702
128887,3,NO,139,3703
128888,4,YES,139,3704
128889,3,NO,139,1022
128890,5,YES,139,1023
128891,3,NO,139,1024
128892,3,NO,139,3639
128893,3,NO,139,1028
128894,3,NO,139,1029
128895,4,YES,139,1967
128896,5,YES,139,3499
128897,5,YES,139,1968
128898,4,YES,139,353
128899,4,YES,139,34
128900,2,NO,139,288
128901,3,NO,139,2916
128902,3,NO,139,1104
128903,4,YES,139,1031
128904,5,YES,139,2918
128905,3,NO,139,1033
128906,3,NO,139,1036
128907,4,YES,139,364
128908,5,YES,139,296
128909,5,YES,139,2857
128910,2,NO,139,512
128911,5,YES,139,2858
128912,3,NO,139,441
128913,3,NO,139,2788
128914,3,NO,139,2867
128915,4,YES,139,1994
128916,4,YES,139,1997
128917,4,YES,139,457
128918,5,YES,139,2000
128919,4,YES,139,3740
128920,4,YES,139,2001
128921,5,YES,139,1200
128922,3,NO,139,2003
128923,2,NO,139,1201
128924,5,YES,139,3671
128925,5,YES,139,2005
128926,2,NO,139,2944
128927,3,NO,139,2871
128928,5,YES,139,2872
128929,5,YES,139,1206
128930,5,YES,139,2947
128931,5,YES,139,1208
128932,4,YES,139,2948
128933,5,YES,139,1136
128934,4,YES,139,2949
128935,5,YES,139,3679
128936,5,YES,139,608
128937,2,NO,139,2012
128938,5,YES,139,1210
128939,5,YES,139,1214
128940,3,NO,139,2018
128941,5,YES,139,610
128942,4,YES,139,2883
128943,4,YES,139,2019
128944,5,YES,139,1218
128945,5,YES,139,1073
128946,5,YES,139,2959
128947,4,YES,139,541
128948,5,YES,139,1148
128949,3,NO,139,616
128950,2,NO,139,1077
128951,5,YES,139,2021
128952,4,YES,139,1222
128953,4,YES,139,1224
128954,4,YES,139,3766
128955,2,NO,139,3693
128956,4,YES,139,1225
128957,5,YES,139,2028
128958,5,YES,139,1080
128959,5,YES,139,2968
128960,5,YES,139,551
128961,4,YES,139,480
128962,5,YES,139,555
128963,3,NO,139,2102
128964,3,NO,139,3917
128965,3,NO,139,2105
128966,5,YES,139,1303
128967,1,NO,139,3918
128968,4,YES,139,1304
128969,2,NO,139,3919
128970,5,YES,139,1307
128971,3,NO,139,1234
128972,2,NO,139,1237
128973,5,YES,139,1094
128974,3,NO,139,1097
128975,2,NO,139,2115
128976,5,YES,139,2116
128977,5,YES,139,1242
128978,5,YES,139,1243
129104,5,YES,143,648
129105,3,NO,143,2997
129106,3,NO,143,1408
129107,4,YES,143,1265
129108,4,YES,143,733
129109,3,NO,143,1197
129110,3,NO,143,3107
129111,4,YES,143,3114
129112,5,YES,143,1517
129113,4,YES,143,2321
129114,5,YES,143,2324
129115,4,YES,143,3060
129116,3,NO,143,1608
129117,5,YES,143,1393
129118,5,YES,143,1610
129119,3,NO,143,2353
129120,5,YES,143,2427
129121,4,YES,143,2502
129122,2,NO,143,3178
129123,4,YES,143,1721
129124,5,YES,143,1722
129125,4,YES,143,3256
129126,3,NO,143,1580
129127,5,YES,143,110
129128,3,NO,143,3408
129129,3,NO,143,2390
129130,5,YES,143,2396
129131,3,NO,143,2541
129132,4,YES,143,1680
129133,3,NO,143,2485
129134,1,NO,143,2700
129135,4,YES,143,2706
129136,3,NO,143,2490
129137,2,NO,143,2716
129138,5,YES,143,2571
129139,3,NO,143,3448
129140,4,YES,143,1777
129141,3,NO,143,163
129142,1,NO,143,2724
129143,5,YES,143,1784
129144,5,YES,143,249
129145,3,NO,143,2599
129146,3,NO,143,1873
129149,5,YES,143,3623
129150,4,YES,143,2683
129151,3,NO,143,1883
129152,3,NO,143,2759
129153,4,YES,143,2686
129154,1,NO,143,2688
129155,2,NO,143,1959
129156,4,YES,143,349
129157,4,YES,143,2762
129158,5,YES,143,2763
129159,1,NO,143,2916
129160,5,YES,143,3578
129161,5,YES,143,2858
129162,2,NO,143,377
129163,4,YES,143,380
129164,3,NO,143,2006
129165,4,YES,143,1060
129166,1,NO,143,3753
129167,1,NO,143,2881
129168,4,YES,143,2959
129169,5,YES,143,2028
129170,3,NO,143,480
129171,3,NO,143,2108
130480,4,YES,149,1249
130481,4,YES,149,1177
130482,4,YES,149,1179
130483,4,YES,149,647
130484,4,YES,149,648
130485,4,YES,149,1321
130486,2,NO,149,3863
130487,4,YES,149,1250
130488,2,NO,149,3865
130489,4,YES,149,2990
130490,3,NO,149,2126
130491,2,NO,149,3793
130492,4,YES,149,2991
130493,4,YES,149,1252
130494,2,NO,149,3794
130495,4,YES,149,720
130496,4,YES,149,2993
130497,3,NO,149,2058
130498,5,YES,149,1256
130499,4,YES,149,1183
130500,3,NO,149,3798
130501,5,YES,149,2997
130502,5,YES,149,1258
130503,4,YES,149,1259
130504,4,YES,149,653
130505,5,YES,149,1188
130506,4,YES,149,587
130507,5,YES,149,589
130508,2,NO,149,3000
130509,3,NO,149,1
664,8,NO,666542,4
130512,5,YES,149,3943
130513,4,YES,149,3006
130514,5,YES,149,3007
130515,5,YES,149,2132
130517,3,NO,149,3946
130518,1,NO,149,3948
130519,4,YES,149,3949
130520,5,YES,149,2064
130521,5,YES,149,1408
130522,5,YES,149,1263
130523,5,YES,149,1190
130524,4,YES,149,1191
130525,5,YES,149,2067
130526,5,YES,149,1265
130527,5,YES,149,1266
130528,4,YES,149,733
130529,5,YES,149,1196
130530,5,YES,149,1197
130531,5,YES,149,1198
130532,3,NO,149,592
130533,5,YES,149,593
130534,1,NO,149,3952
130535,3,NO,149,1411
130536,4,YES,149,3882
130537,5,YES,149,1343
130538,4,YES,149,1270
130539,5,YES,149,1344
130540,5,YES,149,1272
130541,4,YES,149,741
130542,5,YES,149,1276
130543,5,YES,149,1277
130544,5,YES,149,1278
130545,4,YES,149,745
130546,3,NO,149,3020
130547,5,YES,149,3893
130548,4,YES,149,2155
130549,1,NO,149,3895
130550,5,YES,149,3896
130551,5,YES,149,3897
130552,5,YES,149,750
130553,3,NO,149,2159
130554,4,YES,149,1358
130555,5,YES,149,1288
130556,5,YES,149,1289
130557,2,NO,149,3100
130558,4,YES,149,3101
130559,5,YES,149,2300
130560,5,YES,149,3104
130561,4,YES,149,1500
130562,5,YES,149,2303
130563,3,NO,149,2231
130564,3,NO,149,3107
130565,3,NO,149,3108
130566,2,NO,149,2236
130567,4,YES,149,2167
130568,3,NO,149,1438
130569,5,YES,149,1292
130570,3,NO,149,832
130571,5,YES,149,1293
130572,5,YES,149,1294
130573,3,NO,149,1295
130574,3,NO,149,836
130575,5,YES,149,1299
130576,4,YES,149,838
130577,4,YES,149,2312
130578,4,YES,149,3117
130579,4,YES,149,3044
130580,4,YES,149,1513
130581,5,YES,149,2243
130582,5,YES,149,2245
130583,5,YES,149,1516
130584,5,YES,149,1370
130585,4,YES,149,1517
130586,5,YES,149,2248
130587,5,YES,149,1374
130588,3,NO,149,1377
130589,5,YES,149,919
130590,3,NO,149,849
130591,4,YES,149,778
130592,4,YES,149,3052
130593,4,YES,149,3053
130594,4,YES,149,2324
130595,4,YES,149,3055
130596,3,NO,149,2329
130597,5,YES,149,1527
130598,5,YES,149,923
130599,4,YES,149,2259
130600,4,YES,149,924
130601,3,NO,149,1385
130602,1,NO,149,852
130603,4,YES,149,780
130604,5,YES,149,1387
130605,5,YES,149,858
130606,4,YES,149,786
130607,5,YES,149,787
130608,4,YES,149,3203
130609,5,YES,149,3135
130610,4,YES,149,2406
130611,4,YES,149,2333
130612,3,NO,149,2334
130613,4,YES,149,2336
130614,4,YES,149,1608
130615,5,YES,149,3067
130616,5,YES,149,1537
130617,3,NO,149,2194
130618,4,YES,149,2268
130619,5,YES,149,1466
130620,4,YES,149,1393
130621,3,NO,149,1394
130622,2,NO,149,1396
130623,5,YES,149,866
130624,4,YES,149,3210
130625,5,YES,149,1610
130626,4,YES,149,2340
130627,2,NO,149,1611
130628,5,YES,149,3072
130629,3,NO,149,3219
130630,3,NO,149,2344
130631,3,NO,149,3147
130632,4,YES,149,1616
130633,2,NO,149,2273
130634,4,YES,149,1617
130635,3,NO,149,1544
130636,5,YES,149,3077
130637,4,YES,149,2348
130638,4,YES,149,2278
130639,3,NO,149,1479
130640,3,NO,149,2421
130641,2,NO,149,2422
130642,5,YES,149,2352
130643,4,YES,149,3082
130644,3,NO,149,2353
130645,4,YES,149,2280
130646,4,YES,149,3083
130647,4,YES,149,2427
130648,4,YES,149,1625
130649,4,YES,149,1552
130650,4,YES,149,2282
130651,4,YES,149,1480
130652,3,NO,149,1627
130653,4,YES,149,2359
130654,5,YES,149,2289
130655,4,YES,149,1488
130656,4,YES,149,3300
130657,5,YES,149,3301
130658,5,YES,149,3160
130659,2,NO,149,2433
130660,5,YES,149,2360
130661,4,YES,149,1704
130662,4,YES,149,3163
130663,5,YES,149,2291
130664,4,YES,149,1635
130665,4,YES,149,3168
130666,3,NO,149,1639
130667,4,YES,149,2369
130668,3,NO,149,1711
130669,4,YES,149,3317
130670,4,YES,149,1641
130671,3,NO,149,3246
130672,4,YES,149,3174
130673,4,YES,149,100
130674,5,YES,149,3175
130675,5,YES,149,101
130676,4,YES,149,3176
130677,3,NO,149,1645
130678,5,YES,149,1573
130679,4,YES,149,3178
130680,5,YES,149,1721
130681,5,YES,149,3253
130682,4,YES,149,1722
130683,2,NO,149,3254
130684,4,YES,149,3328
130685,4,YES,149,3255
130686,4,YES,149,3182
130687,4,YES,149,3256
130688,4,YES,149,2527
130689,4,YES,149,3257
130690,4,YES,149,1653
130691,4,YES,149,1580
130692,4,YES,149,110
130693,4,YES,149,3185
130694,3,NO,149,2529
130695,4,YES,149,111
130696,4,YES,149,2384
130697,3,NO,149,112
130698,4,YES,149,1729
130699,4,YES,149,3189
130700,3,NO,149,1586
130701,4,YES,149,117
130702,4,YES,149,1589
130703,4,YES,149,3404
130704,3,NO,149,2605
130705,3,NO,149,3408
130706,3,NO,149,3192
130707,4,YES,149,1734
130708,3,NO,149,2391
130709,5,YES,149,3267
130710,5,YES,149,1663
130711,4,YES,149,2395
130712,4,YES,149,123
130713,4,YES,149,2396
130714,4,YES,149,1594
130715,3,NO,149,1597
130716,3,NO,149,998
130717,4,YES,149,2611
130718,3,NO,149,1810
130719,2,NO,149,3271
130720,5,YES,149,2542
130721,5,YES,149,3418
130722,2,NO,149,3272
130723,3,NO,149,2616
130724,4,YES,149,2617
130725,3,NO,149,3274
130726,4,YES,149,3275
130727,3,NO,149,1673
130728,2,NO,149,1747
130729,4,YES,149,1748
130730,3,NO,149,132
130731,3,NO,149,1676
130732,3,NO,149,1678
130733,3,NO,149,208
130734,5,YES,149,3421
130735,4,YES,149,2621
130736,5,YES,149,3424
130737,1,NO,149,3354
130738,3,NO,149,3429
130739,4,YES,149,2628
130740,4,YES,149,3358
130741,4,YES,149,1827
130742,3,NO,149,1754
130743,5,YES,149,3359
130744,4,YES,149,1682
130745,4,YES,149,1687
130746,5,YES,149,2700
130747,5,YES,149,3504
130748,4,YES,149,3360
130749,3,NO,149,2706
130750,2,NO,149,3438
130751,3,NO,149,1909
130752,4,YES,149,2639
130753,5,YES,149,223
130754,4,YES,149,150
130755,4,YES,149,1694
130756,4,YES,149,1769
130757,4,YES,149,157
130758,4,YES,149,3510
130759,1,NO,149,2710
130760,2,NO,149,3513
130761,4,YES,149,2712
130762,3,NO,149,1910
130763,4,YES,149,2640
130764,3,NO,149,1912
130765,3,NO,149,1840
130766,5,YES,149,2716
130767,3,NO,149,1914
130768,4,YES,149,2571
130769,3,NO,149,2572
130770,3,NO,149,1916
130771,5,YES,149,300
130772,3,NO,149,1917
130773,4,YES,149,1845
130774,2,NO,149,1772
130775,5,YES,149,230
130776,5,YES,149,232
130777,4,YES,149,306
130778,3,NO,149,307
130779,4,YES,149,161
130780,3,NO,149,308
130781,4,YES,149,235
130782,4,YES,149,162
130783,3,NO,149,164
130784,4,YES,149,165
130785,3,NO,149,2721
130786,3,NO,149,3524
130787,1,NO,149,3452
130788,3,NO,149,2723
130789,3,NO,149,2724
130790,4,YES,149,3527
130791,3,NO,149,1923
130792,5,YES,149,2580
130793,5,YES,149,1927
130794,4,YES,149,1783
130795,5,YES,149,1785
130796,5,YES,149,242
130797,4,YES,149,1859
130798,2,NO,149,316
130799,2,NO,149,170
130800,3,NO,149,1788
130801,5,YES,149,318
130802,5,YES,149,319
130803,5,YES,149,246
130804,4,YES,149,247
130805,2,NO,149,249
130806,5,YES,149,2730
130807,4,YES,149,3608
130808,3,NO,149,3535
130809,2,NO,149,2806
130810,4,YES,149,3536
130811,4,YES,149,3539
130812,4,YES,149,320
130813,4,YES,149,3396
130814,4,YES,149,2594
130815,3,NO,149,1792
130816,4,YES,149,3398
130817,5,YES,149,326
130818,4,YES,149,2599
130819,3,NO,149,329
130820,3,NO,149,2812
130821,5,YES,149,3543
130822,3,NO,149,3617
130823,5,YES,149,3471
130824,2,NO,149,3618
130825,4,YES,149,2744
130826,4,YES,149,2671
130827,5,YES,149,1942
130828,3,NO,149,3476
130829,4,YES,149,3477
130830,5,YES,149,2677
130832,5,YES,149,1949
130833,5,YES,149,260
130834,2,NO,149,334
130835,3,NO,149,337
130836,4,YES,149,265
130837,4,YES,149,16
130838,4,YES,149,17
130839,3,NO,149,194
130840,3,NO,149,198
130841,3,NO,149,3623
130842,5,YES,149,3551
130843,4,YES,149,3625
130844,4,YES,149,3554
130845,4,YES,149,3481
130846,4,YES,149,3555
130847,5,YES,149,3556
130848,3,NO,149,2827
130849,4,YES,149,1952
130850,5,YES,149,1953
130851,4,YES,149,2683
130852,5,YES,149,1954
130853,4,YES,149,1955
130854,4,YES,149,1883
130855,5,YES,149,2686
130856,5,YES,149,1958
130857,5,YES,149,342
130858,3,NO,149,2688
130859,4,YES,149,1959
130860,5,YES,149,21
130861,2,NO,149,22
130862,3,NO,149,272
130863,4,YES,149,346
130864,4,YES,149,24
130865,2,NO,149,25
130866,3,NO,149,349
130867,4,YES,149,29
130868,4,YES,149,3702
130869,3,NO,149,3703
130870,4,YES,149,3633
130871,4,YES,149,3635
130872,4,YES,149,2908
130873,4,YES,149,2762
130874,3,NO,149,2763
130875,4,YES,149,1961
130876,4,YES,149,3639
130877,3,NO,149,2764
130878,5,YES,149,3567
130879,5,YES,149,2692
130880,4,YES,149,1963
130881,4,YES,149,2693
130882,4,YES,149,1965
130883,2,NO,149,423
130884,5,YES,149,3498
130885,3,NO,149,2769
130886,5,YES,149,2696
130887,5,YES,149,3499
130888,4,YES,149,30
130889,4,YES,149,353
130890,5,YES,149,32
130891,3,NO,149,356
130892,4,YES,149,34
130893,4,YES,149,357
130894,4,YES,149,36
130895,3,NO,149,358
130896,4,YES,149,39
130897,4,YES,149,288
130898,5,YES,149,2912
130899,5,YES,149,1101
130900,5,YES,149,2915
130901,4,YES,149,3718
130902,5,YES,149,2916
130903,4,YES,149,2770
130904,5,YES,149,2917
130905,5,YES,149,2918
130906,4,YES,149,2919
130907,5,YES,149,1036
130908,4,YES,149,3578
130909,5,YES,149,431
130910,4,YES,149,507
130911,3,NO,149,434
130912,4,YES,149,509
130913,5,YES,149,363
130914,5,YES,149,290
130915,3,NO,149,42
130916,2,NO,149,292
130917,4,YES,149,293
130918,2,NO,149,44
130919,4,YES,149,45
130920,5,YES,149,367
130921,5,YES,149,47
130922,5,YES,149,296
130923,5,YES,149,1112
130924,4,YES,149,3728
130925,5,YES,149,1041
130926,3,NO,149,2856
130927,4,YES,149,1982
130928,5,YES,149,2858
130929,5,YES,149,2859
130930,3,NO,149,1047
130931,4,YES,149,515
130932,4,YES,149,442
130933,4,YES,149,517
130934,5,YES,149,50
130935,5,YES,149,446
130936,4,YES,149,373
130937,3,NO,149,377
130938,3,NO,149,379
130939,4,YES,149,3730
130940,4,YES,149,3733
130941,2,NO,149,1120
130942,3,NO,149,1123
130943,1,NO,149,3593
130944,4,YES,149,1127
130945,4,YES,149,521
130946,3,NO,149,1055
130947,4,YES,149,522
130948,3,NO,149,2795
130949,4,YES,149,2797
130950,4,YES,149,380
130951,5,YES,149,527
130952,4,YES,149,454
130953,4,YES,149,456
130954,4,YES,149,529
130955,5,YES,149,457
130956,5,YES,149,3811
130957,4,YES,149,2000
130958,2,NO,149,3740
130959,3,NO,149,3741
130960,2,NO,149,2002
130961,5,YES,149,1200
130962,3,NO,149,1202
130963,4,YES,149,3744
130964,4,YES,149,2006
130965,5,YES,149,1204
130966,4,YES,149,2871
130967,5,YES,149,1206
130968,4,YES,149,1060
130969,5,YES,149,1061
130970,4,YES,149,2947
130971,5,YES,149,1208
130972,4,YES,149,2948
130973,5,YES,149,1136
130974,4,YES,149,2949
130975,5,YES,149,608
130976,5,YES,149,535
130977,4,YES,149,464
130978,3,NO,149,391
130979,3,NO,149,393
130980,3,NO,149,3751
130981,5,YES,149,1210
130982,3,NO,149,3752
130983,3,NO,149,3826
130984,4,YES,149,3753
130985,2,NO,149,3827
130986,4,YES,149,2952
130987,5,YES,149,1213
130988,3,NO,149,3755
130989,5,YES,149,1214
130990,5,YES,149,3683
130991,2,NO,149,2881
130992,3,NO,149,2883
130993,5,YES,149,2019
130994,4,YES,149,1218
130995,5,YES,149,1219
130996,5,YES,149,1073
130997,4,YES,149,2959
130998,5,YES,149,541
130999,4,YES,149,1148
131000,4,YES,149,543
131001,4,YES,149,471
131002,4,YES,149,1078
131003,4,YES,149,1079
131004,5,YES,149,474
131005,5,YES,149,475
131006,4,YES,149,81
131007,5,YES,149,549
131008,4,YES,149,89
131009,5,YES,149,3903
131010,5,YES,149,2020
131011,2,NO,149,3906
131012,5,YES,149,1220
131013,4,YES,149,2023
131014,5,YES,149,1221
131015,4,YES,149,3763
131016,5,YES,149,1222
131017,3,NO,149,3764
131018,4,YES,149,2890
131019,5,YES,149,1225
131020,4,YES,149,2028
131021,5,YES,149,1080
131022,4,YES,149,2893
131023,5,YES,149,1227
131024,5,YES,149,1228
131025,3,NO,149,3697
131026,5,YES,149,3699
131027,4,YES,149,552
131028,4,YES,149,480
131029,4,YES,149,481
131030,4,YES,149,555
131031,4,YES,149,482
131032,5,YES,149,1089
131033,3,NO,149,628
131034,3,NO,149,95
131035,5,YES,149,3910
131036,3,NO,149,3911
131037,5,YES,149,2100
131038,4,YES,149,3916
131039,5,YES,149,1230
131040,5,YES,149,1304
131041,4,YES,149,2972
131042,5,YES,149,1233
131043,5,YES,149,2973
131044,5,YES,149,1307
131045,5,YES,149,1234
131046,5,YES,149,1090
131047,4,YES,149,1237
131048,4,YES,149,1092
131049,4,YES,149,1094
131050,4,YES,149,707
131051,5,YES,149,1095
131052,4,YES,149,708
131053,4,YES,149,562
131054,4,YES,149,1097
131055,4,YES,149,493
131056,4,YES,149,494
131057,5,YES,149,2110
131058,5,YES,149,3852
131059,4,YES,149,2115
131060,5,YES,149,1240
131061,3,NO,149,3855
131062,4,YES,149,1242
131063,4,YES,149,3858
131064,3,NO,149,3785
131065,5,YES,149,1244
131066,5,YES,149,1171
131067,4,YES,149,3859
131068,4,YES,149,3787
131069,4,YES,149,2985
131070,4,YES,149,1246
131071,5,YES,149,1247
131304,5,YES,151,1175
131305,5,YES,151,1249
131306,3,NO,151,574
131307,3,NO,151,648
131308,3,NO,151,3860
131309,4,YES,151,3861
131310,4,YES,151,1320
131311,3,NO,151,3863
131312,2,NO,151,2125
131313,5,YES,151,1251
131314,4,YES,151,3793
131315,3,NO,151,2054
131316,2,NO,151,1183
131317,4,YES,151,1257
131318,5,YES,151,2997
131319,3,NO,151,1259
131320,2,NO,151,653
131321,4,YES,151,1188
131322,4,YES,151,728
131323,4,YES,151,587
131324,5,YES,151,589
131325,2,NO,151,1
131326,2,NO,151,3005
131328,4,YES,151,3006
665,10,YES,666555,3
131330,5,YES,151,3948
131331,4,YES,151,3949
131332,3,NO,151,802
131333,2,NO,151,1409
131334,4,YES,151,1265
131335,1,NO,151,1339
131336,4,YES,151,1193
131337,5,YES,151,733
131338,4,YES,151,1196
131339,4,YES,151,663
131340,5,YES,151,1197
131341,3,NO,151,736
131342,2,NO,151,737
131343,5,YES,151,1199
131344,4,YES,151,593
131345,4,YES,151,597
131346,3,NO,151,3950
131347,5,YES,151,3952
131348,4,YES,151,2140
131349,4,YES,151,3882
131350,4,YES,151,2144
131351,4,YES,151,2145
131352,5,YES,151,1270
131353,3,NO,151,2146
131354,4,YES,151,2147
131355,3,NO,151,1276
131356,4,YES,151,671
131357,4,YES,151,674
131358,3,NO,151,748
131359,4,YES,151,2150
131360,1,NO,151,2154
131361,3,NO,151,1353
131362,5,YES,151,3896
131363,5,YES,151,3897
131364,4,YES,151,750
131365,4,YES,151,1357
131366,4,YES,151,1358
131367,4,YES,151,1285
131368,4,YES,151,1286
131369,5,YES,151,1288
131370,4,YES,151,3103
131371,3,NO,151,2301
131372,3,NO,151,2302
131373,5,YES,151,1500
131374,4,YES,151,3032
131375,3,NO,151,3033
131376,4,YES,151,1502
131377,4,YES,151,3108
131378,4,YES,151,2161
131379,4,YES,151,3039
131380,3,NO,151,2091
131381,5,YES,151,1290
131382,4,YES,151,1291
131383,4,YES,151,1297
131384,3,NO,151,691
131385,4,YES,151,838
131386,1,NO,151,3114
131387,4,YES,151,3044
131388,2,NO,151,2316
131389,3,NO,151,1441
131390,5,YES,151,2245
131391,5,YES,151,1517
131392,3,NO,151,2247
131393,3,NO,151,2174
131394,3,NO,151,912
131395,5,YES,151,2248
131396,4,YES,151,1374
131397,3,NO,151,1375
131398,4,YES,151,1449
131399,4,YES,151,919
131400,2,NO,151,849
131401,4,YES,151,2321
131402,3,NO,151,3052
131403,4,YES,151,2324
131404,4,YES,151,1380
131405,4,YES,151,920
131406,4,YES,151,2329
131407,5,YES,151,1527
131408,2,NO,151,1381
131409,2,NO,151,924
131410,3,NO,151,852
131411,4,YES,151,780
131412,4,YES,151,858
131413,4,YES,151,785
131414,3,NO,151,788
131415,4,YES,151,3060
131416,4,YES,151,2331
131417,3,NO,151,2405
131418,5,YES,151,2406
131419,4,YES,151,2407
131420,4,YES,151,1605
131421,5,YES,151,2262
131422,2,NO,151,2266
131423,4,YES,151,2193
131424,5,YES,151,1537
131425,4,YES,151,1391
131426,5,YES,151,1539
131427,4,YES,151,1393
131428,4,YES,151,1394
131429,3,NO,151,866
131430,3,NO,151,3210
131431,4,YES,151,1610
131432,3,NO,151,2340
131433,1,NO,151,3070
131434,3,NO,151,1612
131435,4,YES,151,3072
131436,4,YES,151,1614
131437,4,YES,151,1541
131438,4,YES,151,1542
131439,5,YES,151,1617
131440,4,YES,151,2278
131441,3,NO,151,1479
131442,1,NO,151,3225
131443,3,NO,151,2424
131444,3,NO,151,2352
131445,3,NO,151,3155
131446,4,YES,151,3156
131447,4,YES,151,3083
131448,5,YES,151,1552
131449,3,NO,151,1554
131450,4,YES,151,1629
131451,1,NO,151,1556
131452,4,YES,151,2359
131453,4,YES,151,3089
131454,4,YES,151,1485
131455,5,YES,151,3302
131456,4,YES,151,2502
131457,4,YES,151,2506
131458,5,YES,151,1704
131459,4,YES,151,2291
131460,3,NO,151,1564
131461,5,YES,151,1639
131462,3,NO,151,2369
131463,5,YES,151,1569
131464,3,NO,151,968
131465,5,YES,151,3317
131466,5,YES,151,1641
131467,4,YES,151,2371
131468,4,YES,151,2518
131469,4,YES,151,1643
131470,5,YES,151,3175
131471,3,NO,151,101
131472,3,NO,151,1573
131473,4,YES,151,104
131474,4,YES,151,3179
131475,2,NO,151,1648
131476,3,NO,151,105
131477,4,YES,151,3324
131478,1,NO,151,3325
131479,3,NO,151,2450
131480,4,YES,151,1721
131481,2,NO,151,3328
131482,3,NO,151,2527
131483,4,YES,151,2528
131484,4,YES,151,2455
131485,5,YES,151,1653
131486,3,NO,151,1580
131487,5,YES,151,110
131488,4,YES,151,2529
131489,4,YES,151,1584
131490,2,NO,151,1658
131491,3,NO,151,1586
131492,3,NO,151,987
131493,2,NO,151,1801
131494,3,NO,151,3261
131495,5,YES,151,3408
131496,5,YES,151,1732
131497,3,NO,151,1733
131498,3,NO,151,2463
131499,3,NO,151,1735
131500,4,YES,151,1663
131501,4,YES,151,3269
131502,4,YES,151,2395
131503,4,YES,151,1593
131504,5,YES,151,2396
131505,4,YES,151,125
131506,2,NO,151,1597
131507,5,YES,151,2542
131508,5,YES,151,3418
131509,4,YES,151,3275
131510,2,NO,151,202
131511,3,NO,151,1747
131512,4,YES,151,1674
131513,2,NO,151,1748
131514,2,NO,151,1676
131515,5,YES,151,3421
131516,4,YES,151,1821
131517,4,YES,151,2628
131518,4,YES,151,2482
131519,5,YES,151,1680
131520,4,YES,151,1683
131521,3,NO,151,140
131522,4,YES,151,141
131523,5,YES,151,215
131524,3,NO,151,144
131525,4,YES,151,3361
131526,5,YES,151,2706
131527,5,YES,151,1904
131528,2,NO,151,1831
131529,3,NO,151,3436
131530,2,NO,151,1835
131531,3,NO,151,2567
131532,3,NO,151,222
131533,5,YES,151,223
131534,2,NO,151,1767
131535,4,YES,151,224
131536,4,YES,151,151
131537,2,NO,151,3299
131538,2,NO,151,156
131539,3,NO,151,157
131540,4,YES,151,3512
131541,4,YES,151,2710
131542,4,YES,151,3515
131543,2,NO,151,2642
131544,4,YES,151,2571
131545,4,YES,151,2718
131546,4,YES,151,2572
131547,5,YES,151,3448
131548,3,NO,151,1917
131549,5,YES,151,1845
131550,4,YES,151,1777
131551,2,NO,151,1779
131552,3,NO,151,236
131553,4,YES,151,163
131554,3,NO,151,237
131555,3,NO,151,168
131556,4,YES,151,3524
131557,3,NO,151,3526
131558,2,NO,151,2724
131559,2,NO,151,3527
131560,5,YES,151,1923
131561,3,NO,151,2581
131562,4,YES,151,2657
131563,4,YES,151,1784
131564,3,NO,151,318
131565,2,NO,151,172
131566,5,YES,151,319
131567,2,NO,151,173
131568,3,NO,151,247
131569,2,NO,151,249
131570,1,NO,151,179
131571,3,NO,151,2802
131572,5,YES,151,2804
131573,4,YES,151,3534
131574,4,YES,151,2805
131575,3,NO,151,3535
131576,4,YES,151,3536
131577,3,NO,151,2736
131578,5,YES,151,322
131579,4,YES,151,2596
131580,3,NO,151,180
131581,4,YES,151,2599
131582,3,NO,151,327
131583,3,NO,151,182
131584,3,NO,151,256
131585,3,NO,151,185
131586,4,YES,151,3540
131587,3,NO,151,3616
131588,3,NO,151,3471
131589,4,YES,151,3618
131590,3,NO,151,2671
131591,1,NO,151,2672
131592,3,NO,151,2747
131593,4,YES,151,3479
131594,4,YES,151,1876
131595,5,YES,151,260
131597,3,NO,151,190
131598,3,NO,151,338
131599,5,YES,151,339
131600,3,NO,151,266
131601,4,YES,151,17
131602,5,YES,151,198
131603,5,YES,151,3552
131604,5,YES,151,3481
131605,3,NO,151,3556
131606,4,YES,151,2683
131607,1,NO,151,3489
131608,3,NO,151,1958
131609,3,NO,151,1885
131610,5,YES,151,342
131611,4,YES,151,21
131612,4,YES,151,417
131613,3,NO,151,1888
131614,4,YES,151,345
131615,3,NO,151,24
131616,5,YES,151,25
131617,5,YES,151,28
131618,4,YES,151,29
131619,3,NO,151,3701
131620,4,YES,151,3702
131621,5,YES,151,3703
131622,2,NO,151,3704
131623,3,NO,151,3705
131624,5,YES,151,2908
131625,4,YES,151,2762
131626,3,NO,151,3638
131627,5,YES,151,2692
131628,3,NO,151,1967
131629,4,YES,151,1968
131630,4,YES,151,425
131631,3,NO,151,1896
131632,4,YES,151,353
131633,2,NO,151,427
131634,5,YES,151,32
131635,4,YES,151,356
131636,4,YES,151,34
131637,5,YES,151,357
131638,3,NO,151,35
131639,4,YES,151,36
131640,4,YES,151,39
131641,3,NO,151,289
131642,4,YES,151,3712
131643,3,NO,151,1100
131644,4,YES,151,1101
131645,3,NO,151,3717
131646,4,YES,151,2915
131647,5,YES,151,2916
131648,4,YES,151,1104
131649,5,YES,151,2918
131650,5,YES,151,3578
131651,3,NO,151,509
131652,5,YES,151,290
131653,5,YES,151,293
131654,4,YES,151,45
131655,3,NO,151,367
131656,5,YES,151,296
131657,4,YES,151,3581
131658,2,NO,151,3584
131659,1,NO,151,1043
131660,5,YES,151,2858
131661,4,YES,151,440
131662,5,YES,151,1047
131663,5,YES,151,441
131664,5,YES,151,50
131665,3,NO,151,52
131666,2,NO,151,377
131667,4,YES,151,379
131668,4,YES,151,58
131669,2,NO,151,3802
131670,4,YES,151,3809
131671,2,NO,151,1126
131672,3,NO,151,3668
131673,4,YES,151,1127
131674,3,NO,151,1129
131675,3,NO,151,3598
131676,4,YES,151,2797
131677,3,NO,151,1059
131678,4,YES,151,380
131679,4,YES,151,527
131680,4,YES,151,68
131681,3,NO,151,3812
131682,4,YES,151,2000
131683,2,NO,151,3740
131684,3,NO,151,2001
131685,5,YES,151,1200
131686,5,YES,151,1202
131687,3,NO,151,2942
131688,4,YES,151,2872
131689,5,YES,151,1206
131690,5,YES,151,1060
131691,4,YES,151,2009
131692,2,NO,151,3749
131693,5,YES,151,1136
131694,2,NO,151,605
131695,5,YES,151,608
131696,4,YES,151,539
131697,3,NO,151,72
131698,3,NO,151,468
131699,3,NO,151,74
131700,3,NO,151,3823
131701,3,NO,151,2011
131702,3,NO,151,1210
131703,4,YES,151,3752
131704,3,NO,151,2950
131705,5,YES,151,1211
131706,2,NO,151,3826
131707,4,YES,151,3753
131708,1,NO,151,3827
131709,4,YES,151,1213
131710,4,YES,151,3755
131711,1,NO,151,2953
131712,4,YES,151,1214
131713,4,YES,151,1216
131714,4,YES,151,610
131715,3,NO,151,1073
131716,1,NO,151,3688
131717,5,YES,151,541
131718,4,YES,151,1148
131719,3,NO,151,543
131720,4,YES,151,471
131721,5,YES,151,1079
131722,5,YES,151,81
131723,1,NO,151,85
131724,3,NO,151,3901
131725,4,YES,151,3831
131726,5,YES,151,2020
131727,5,YES,151,1220
131728,3,NO,151,1221
131729,3,NO,151,3836
131730,3,NO,151,2962
131731,5,YES,151,1225
131732,5,YES,151,2028
131733,4,YES,151,1081
131734,3,NO,151,2968
131735,2,NO,151,550
131736,4,YES,151,3698
131737,5,YES,151,2969
131738,3,NO,151,551
131739,3,NO,151,3699
131740,3,NO,151,480
131741,5,YES,151,1088
131742,5,YES,151,555
131743,5,YES,151,1089
131744,4,YES,151,628
131745,4,YES,151,3910
131746,4,YES,151,3911
131747,4,YES,151,2100
131748,4,YES,151,1300
131749,3,NO,151,1230
131750,4,YES,151,1304
131751,5,YES,151,1306
131752,4,YES,151,1233
131753,4,YES,151,2109
131754,4,YES,151,1307
131755,5,YES,151,1235
131756,5,YES,151,1236
131757,4,YES,151,2976
131758,5,YES,151,1094
131759,4,YES,151,708
131760,4,YES,151,562
131761,5,YES,151,1097
131762,3,NO,151,638
131763,4,YES,151,497
131764,3,NO,151,498
131765,3,NO,151,499
131766,4,YES,151,2041
131767,5,YES,151,1240
131768,4,YES,151,2117
131769,3,NO,151,3784
131770,5,YES,151,1243
131771,3,NO,151,3785
131772,3,NO,151,1172
131773,5,YES,151,2985
131774,4,YES,151,2986
132540,5,YES,158,1252
132541,5,YES,158,1262
132542,4,YES,158,1267
132543,4,YES,158,1284
132544,4,YES,158,912
132545,3,NO,158,922
132546,3,NO,158,923
132547,3,NO,158,926
132548,5,YES,158,858
132549,4,YES,158,943
132550,5,YES,158,111
132551,5,YES,158,1812
132552,4,YES,158,3435
132553,2,NO,158,2717
132554,4,YES,158,239
132555,5,YES,158,3713
132556,5,YES,158,376
132557,2,NO,158,1998
132558,4,YES,158,1204
132559,4,YES,158,73
132560,4,YES,158,2019
132561,4,YES,158,2973
132598,2,NO,160,648
132599,3,NO,160,3793
132600,3,NO,160,3798
132601,4,YES,160,1282
132602,5,YES,160,1286
132603,3,NO,160,2160
132604,3,NO,160,1387
132605,4,YES,160,1396
132606,3,NO,160,1544
132607,3,NO,160,3185
132608,4,YES,160,3408
132609,3,NO,160,3510
132610,4,YES,160,260
132611,4,YES,160,2858
132612,3,NO,160,2791
132613,4,YES,160,3598
132614,3,NO,160,1210
132615,4,YES,160,480
132616,5,YES,160,3916
132617,3,NO,160,1097
132915,5,YES,162,2987
132916,5,YES,162,648
132917,3,NO,162,3861
132918,3,NO,162,3863
132919,4,YES,162,3793
132920,5,YES,162,2058
132921,3,NO,162,3798
132922,5,YES,162,588
132923,5,YES,162,589
132924,5,YES,162,1
1,10,YES,666508,2
666,1,NO,666562,3
