2,user2,34,M,123456,16
3,user3,74,M,123456,15
4,user4,27,M,123456,7
5,user5,37,M,123456,20
6,user6,49,F,123456,9
7,user7,66,M,123456,1
9,user9,17,M,123456,17
10,user10,58,F,123456,1
11,user11,59,F,123456,1
14,user14,67,M,123456,0
16,user16,21,F,123456,0
17,user17,36,M,123456,1
21,user21,41,M,123456,16
22,user22,77,M,123456,15
24,user24,72,F,123456,7
25,user25,37,M,123456,4
26,user26,16,M,123456,7
28,user28,59,F,123456,1
29,user29,24,M,123456,7
30,user30,68,F,123456,7
32,user32,20,F,123456,0
34,user34,16,F,123456,0
35,user35,55,M,123456,1
36,user36,37,M,123456,3
38,user38,78,F,123456,4
39,user39,71,M,123456,4
40,user40,59,M,123456,0
42,user42,70,M,123456,8
44,user44,36,M,123456,17
45,user45,75,F,123456,16
47,user47,60,M,123456,4
48,user48,61,M,123456,4
50,user50,16,F,123456,2
52,user52,79,M,123456,4
58,user58,49,M,123456,2
60,user60,41,M,123456,1
62,user62,17,F,123456,3
64,user64,64,M,123456,1
65,user65,41,M,123456,12
68,user68,42,M,123456,4
69,user69,24,F,123456,1
70,user70,18,M,123456,4
72,user72,41,F,123456,0
73,user73,41,M,123456,4
74,user74,63,M,123456,14
81,user81,39,F,123456,0
85,user85,37,M,123456,4
89,user89,53,F,123456,9
94,user94,55,M,123456,17
95,user95,67,M,123456,0
100,user100,62,M,123456,17
101,user101,36,F,123456,3
104,user104,35,M,123456,12
105,user105,31,M,123456,12
107,user107,76,M,123456,18
110,user110,23,M,123456,2
111,user111,69,M,123456,15
112,user112,62,M,123456,16
117,user117,50,M,123456,17
118,user118,49,M,123456,17
122,user122,49,F,123456,4
123,user123,66,M,123456,9
125,user125,65,M,123456,14
132,user132,68,M,123456,17
135,user135,78,M,123456,4
140,user140,34,F,123456,1
141,user141,76,M,123456,13
144,user144,29,M,123456,17
145,user145,77,M,123456,4
150,user150,67,M,123456,7
151,user151,59,F,123456,20
153,user153,18,M,123456,10
156,user156,45,F,123456,7
157,user157,55,M,123456,16
160,user160,17,M,123456,7
161,user161,47,M,123456,16
162,user162,17,F,123456,4
163,user163,70,M,123456,4
164,user164,46,F,123456,13
165,user165,77,M,123456,16
168,user168,75,F,123456,0
170,user170,49,M,123456,11
172,user172,32,M,123456,3
173,user173,69,M,123456,0
175,user175,56,F,123456,2
179,user179,78,M,123456,0
180,user180,73,M,123456,12
182,user182,72,M,123456,4
185,user185,78,M,123456,0
190,user190,68,M,123456,17
194,user194,34,F,123456,10
195,user195,80,M,123456,12
198,user198,53,M,123456,12
199,user199,33,M,123456,4
202,user202,34,M,123456,4
206,user206,59,M,123456,17
207,user207,35,M,123456,12
208,user208,78,M,123456,17
215,user215,79,M,123456,14
216,user216,36,M,123456,13
217,user217,56,M,123456,4
222,user222,44,M,123456,1
223,user223,58,M,123456,17
224,user224,80,F,123456,4
230,user230,59,M,123456,1
231,user231,27,M,123456,3
232,user232,71,M,123456,20
234,user234,58,M,123456,7
235,user235,65,M,123456,0
236,user236,36,M,123456,5
237,user237,47,M,123456,6
239,user239,65,M,123456,19
242,user242,57,F,123456,4
246,user246,17,F,123456,4
247,user247,69,M,123456,17
248,user248,64,M,123456,17
249,user249,61,F,123456,14
252,user252,35,M,123456,12
253,user253,23,F,123456,11
256,user256,69,M,123456,16
257,user257,76,M,123456,18
260,user260,36,M,123456,19
261,user261,77,M,123456,20
265,user265,74,F,123456,7
266,user266,39,M,123456,11
267,user267,71,M,123456,12
268,user268,27,F,123456,12
272,user272,47,M,123456,0
276,user276,50,M,123456,16
278,user278,53,M,123456,18
288,user288,34,F,123456,12
289,user289,62,F,123456,0
290,user290,33,F,123456,20
292,user292,77,M,123456,7
293,user293,27,M,123456,1
296,user296,33,M,123456,5
300,user300,25,M,123456,7
303,user303,30,M,123456,7
306,user306,66,M,123456,0
307,user307,26,M,123456,16
308,user308,49,M,123456,2
312,user312,42,F,123456,2
315,user315,79,F,123456,1
316,user316,38,M,123456,13
317,user317,67,M,123456,7
318,user318,60,F,123456,13
319,user319,52,F,123456,6
320,user320,64,M,123456,6
321,user321,60,M,123456,4
322,user322,78,M,123456,17
326,user326,53,M,123456,11
327,user327,54,M,123456,18
329,user329,20,M,123456,7
330,user330,75,M,123456,7
333,user333,46,M,123456,2
334,user334,32,F,123456,2
337,user337,74,M,123456,19
338,user338,75,M,123456,7
339,user339,78,M,123456,7
342,user342,18,M,123456,12
344,user344,49,M,123456,14
345,user345,59,M,123456,12
346,user346,18,F,123456,0
349,user349,60,M,123456,10
350,user350,74,M,123456,20
353,user353,43,F,123456,7
356,user356,22,M,123456,20
357,user357,50,M,123456,0
358,user358,27,F,123456,1
361,user361,42,F,123456,14
363,user363,32,M,123456,10
364,user364,21,F,123456,1
367,user367,71,M,123456,12
368,user368,42,M,123456,0
370,user370,54,M,123456,17
372,user372,74,F,123456,4
373,user373,57,F,123456,2
376,user376,50,M,123456,1
377,user377,66,M,123456,17
378,user378,37,F,123456,0
379,user379,31,F,123456,1
380,user380,57,M,123456,2
381,user381,28,M,123456,17
383,user383,55,F,123456,7
391,user391,76,M,123456,11
393,user393,47,M,123456,17
412,user412,70,M,123456,15
413,user413,73,M,123456,11
416,user416,23,M,123456,14
417,user417,25,F,123456,0
421,user421,51,F,123456,3
423,user423,48,M,123456,4
424,user424,47,M,123456,17
425,user425,70,M,123456,12
427,user427,18,M,123456,12
428,user428,60,F,123456,4
429,user429,78,M,123456,0
431,user431,75,M,123456,10
432,user432,28,M,123456,16
434,user434,42,F,123456,3
435,user435,17,M,123456,7
440,user440,31,M,123456,1
441,user441,40,M,123456,1
442,user442,32,M,123456,1
445,user445,50,M,123456,12
446,user446,24,F,123456,0
450,user450,20,M,123456,1
454,user454,25,M,123456,20
455,user455,20,F,123456,2
456,user456,36,M,123456,0
457,user457,41,M,123456,4
459,user459,74,F,123456,4
463,user463,51,M,123456,7
464,user464,53,F,123456,4
466,user466,32,M,123456,5
467,user467,27,F,123456,3
468,user468,47,F,123456,10
471,user471,17,M,123456,7
472,user472,46,M,123456,0
473,user473,22,F,123456,4
474,user474,33,M,123456,17
475,user475,16,F,123456,2
476,user476,74,M,123456,0
480,user480,67,F,123456,4
481,user481,49,M,123456,7
482,user482,43,M,123456,14
485,user485,31,M,123456,7
487,user487,35,F,123456,17
491,user491,79,M,123456,4
492,user492,50,M,123456,12
493,user493,55,M,123456,7
494,user494,37,F,123456,0
497,user497,60,F,123456,17
498,user498,74,M,123456,17
499,user499,41,F,123456,1
500,user500,57,F,123456,2
507,user507,18,F,123456,0
509,user509,60,M,123456,2
511,user511,16,F,123456,4
512,user512,62,M,123456,0
514,user514,74,M,123456,2
515,user515,74,M,123456,1
517,user517,73,F,123456,14
518,user518,68,F,123456,12
521,user521,27,M,123456,7
522,user522,65,M,123456,12
524,user524,76,M,123456,0
527,user527,71,F,123456,2
529,user529,35,M,123456,12
532,user532,48,M,123456,7
535,user535,65,M,123456,6
538,user538,47,M,123456,16
539,user539,48,M,123456,2
540,user540,72,M,123456,1
541,user541,19,F,123456,4
542,user542,29,M,123456,4
543,user543,34,M,123456,5
546,user546,76,F,123456,0
549,user549,16,M,123456,6
550,user550,80,M,123456,8
551,user551,55,M,123456,20
552,user552,17,M,123456,18
555,user555,46,M,123456,4
562,user562,68,M,123456,20
569,user569,21,F,123456,4
574,user574,36,M,123456,19
581,user581,29,M,123456,14
585,user585,36,M,123456,1
586,user586,66,M,123456,14
587,user587,52,M,123456,20
588,user588,79,F,123456,11
589,user589,54,M,123456,2
590,user590,57,F,123456,6
592,user592,47,M,123456,0
593,user593,52,F,123456,1
594,user594,35,F,123456,13
595,user595,74,M,123456,7
597,user597,79,M,123456,12
605,user605,70,F,123456,4
608,user608,26,M,123456,4
609,user609,78,M,123456,7
610,user610,26,M,123456,4
612,user612,44,M,123456,7
616,user616,69,M,123456,7
617,user617,78,F,123456,7
628,user628,70,F,123456,0
638,user638,58,M,123456,6
647,user647,46,M,123456,12
648,user648,71,F,123456,12
653,user653,67,M,123456,13
661,user661,59,M,123456,1
663,user663,62,F,123456,7
671,user671,34,M,123456,4
673,user673,31,M,123456,20
674,user674,34,M,123456,17
678,user678,38,M,123456,0
691,user691,24,M,123456,11
694,user694,42,M,123456,4
707,user707,70,M,123456,7
708,user708,18,M,123456,0
719,user719,50,M,123456,0
720,user720,43,M,123456,0
724,user724,25,M,123456,13
728,user728,25,M,123456,6
733,user733,68,M,123456,16
735,user735,38,M,123456,14
736,user736,17,M,123456,12
737,user737,58,M,123456,19
741,user741,33,M,123456,5
745,user745,42,M,123456,10
748,user748,40,M,123456,0
750,user750,42,F,123456,9
762,user762,71,M,123456,10
765,user765,62,M,123456,17
771,user771,35,F,123456,1
778,user778,41,M,123456,17
780,user780,40,M,123456,17
784,user784,45,M,123456,0
785,user785,27,M,123456,19
786,user786,33,M,123456,0
787,user787,40,M,123456,4
788,user788,50,M,123456,0
798,user798,33,F,123456,20
799,user799,66,F,123456,5
802,user802,75,M,123456,16
804,user804,29,M,123456,20
818,user818,31,M,123456,4
830,user830,47,M,123456,7
832,user832,79,M,123456,2
833,user833,40,M,123456,7
836,user836,32,M,123456,11
837,user837,26,M,123456,7
838,user838,70,M,123456,17
849,user849,18,M,123456,3
852,user852,29,M,123456,5
858,user858,47,M,123456,14
861,user861,37,M,123456,7
866,user866,62,M,123456,10
898,user898,30,M,123456,7
902,user902,33,M,123456,0
908,user908,37,F,123456,1
910,user910,21,F,123456,0
912,user912,32,F,123456,2
914,user914,35,F,123456,9
918,user918,67,F,123456,1
919,user919,58,F,123456,1
920,user920,31,M,123456,4
921,user921,68,M,123456,17
922,user922,63,M,123456,16
923,user923,46,M,123456,7
924,user924,43,M,123456,17
926,user926,54,M,123456,10
933,user933,29,M,123456,1
940,user940,68,M,123456,10
943,user943,62,F,123456,12
947,user947,68,M,123456,0
950,user950,46,M,123456,7
952,user952,69,M,123456,16
953,user953,59,M,123456,20
968,user968,68,M,123456,12
969,user969,57,F,123456,11
982,user982,79,F,123456,9
987,user987,70,F,123456,17
994,user994,21,M,123456,2
998,user998,50,M,123456,20
1003,user1003,62,M,123456,2
1007,user1007,64,M,123456,12
1009,user1009,29,M,123456,7
1013,user1013,16,M,123456,13
1015,user1015,31,M,123456,3
1020,user1020,41,M,123456,20
1021,user1021,16,M,123456,0
1022,user1022,66,M,123456,3
1023,user1023,34,M,123456,13
1024,user1024,76,F,123456,1
1027,user1027,56,M,123456,4
1028,user1028,30,F,123456,7
1029,user1029,45,M,123456,0
1030,user1030,57,M,123456,7
1031,user1031,37,M,123456,16
1033,user1033,19,M,123456,5
1034,user1034,53,F,123456,1
1035,user1035,17,M,123456,2
1036,user1036,64,M,123456,7
1037,user1037,20,M,123456,7
1041,user1041,62,M,123456,2
1043,user1043,80,F,123456,11
1047,user1047,20,M,123456,0
1049,user1049,68,M,123456,14
1055,user1055,66,M,123456,0
1057,user1057,75,M,123456,17
1059,user1059,50,F,123456,0
1060,user1060,23,M,123456,10
1061,user1061,38,M,123456,0
1073,user1073,57,F,123456,6
1077,user1077,36,M,123456,3
1078,user1078,70,F,123456,9
1079,user1079,28,M,123456,7
1080,user1080,78,M,123456,7
1081,user1081,75,M,123456,4
1084,user1084,26,M,123456,19
1088,user1088,59,F,123456,10
1089,user1089,47,M,123456,6
1090,user1090,34,M,123456,7
1091,user1091,40,M,123456,5
1092,user1092,66,F,123456,4
1094,user1094,56,F,123456,0
1095,user1095,75,F,123456,6
1096,user1096,38,M,123456,10
1097,user1097,18,M,123456,17
1100,user1100,24,M,123456,0
1101,user1101,43,M,123456,1
1103,user1103,26,F,123456,7
1104,user1104,25,M,123456,11
1112,user1112,62,M,123456,6
1120,user1120,44,M,123456,4
1123,user1123,23,M,123456,0
1124,user1124,80,M,123456,2
1126,user1126,65,M,123456,16
1127,user1127,54,M,123456,0
1129,user1129,64,M,123456,17
1135,user1135,34,M,123456,13
1136,user1136,48,F,123456,7
1148,user1148,60,M,123456,17
1171,user1171,37,M,123456,12
1172,user1172,36,F,123456,0
1175,user1175,40,F,123456,2
1177,user1177,36,F,123456,17
1179,user1179,71,M,123456,1
1183,user1183,78,M,123456,19
1186,user1186,61,M,123456,19
1188,user1188,39,M,123456,7
1190,user1190,61,M,123456,0
1191,user1191,57,F,123456,0
1193,user1193,34,M,123456,12
1196,user1196,26,F,123456,14
1197,user1197,18,M,123456,1
1198,user1198,19,M,123456,10
1199,user1199,17,M,123456,13
1200,user1200,62,M,123456,0
1201,user1201,73,M,123456,4
1202,user1202,30,M,123456,12
1204,user1204,66,M,123456,7
1205,user1205,42,F,123456,0
1206,user1206,79,F,123456,7
1207,user1207,60,M,123456,0
1208,user1208,49,M,123456,0
1210,user1210,26,M,123456,17
1211,user1211,77,M,123456,4
1213,user1213,75,M,123456,0
1214,user1214,24,M,123456,13
1215,user1215,78,M,123456,17
1216,user1216,25,M,123456,2
1217,user1217,40,M,123456,12
1218,user1218,37,M,123456,15
1219,user1219,38,M,123456,7
1220,user1220,20,M,123456,10
1221,user1221,76,M,123456,0
1222,user1222,42,M,123456,0
1224,user1224,42,M,123456,13
1225,user1225,26,M,123456,7
1226,user1226,35,M,123456,20
1227,user1227,22,M,123456,1
1228,user1228,48,M,123456,1
1230,user1230,66,M,123456,11
1233,user1233,37,F,123456,20
1234,user1234,57,M,123456,4
1235,user1235,63,F,123456,7
1236,user1236,46,F,123456,1
1237,user1237,27,M,123456,4
1238,user1238,69,F,123456,20
1240,user1240,44,F,123456,14
1242,user1242,27,F,123456,0
1243,user1243,56,M,123456,15
1244,user1244,67,M,123456,4
1245,user1245,73,M,123456,17
1246,user1246,79,M,123456,4
1247,user1247,57,M,123456,0
1249,user1249,33,M,123456,2
1250,user1250,31,M,123456,0
1251,user1251,65,M,123456,7
1252,user1252,39,M,123456,13
1253,user1253,66,F,123456,20
1256,user1256,26,M,123456,20
1257,user1257,67,F,123456,14
1258,user1258,65,M,123456,7
1259,user1259,55,M,123456,7
1261,user1261,36,M,123456,4
1262,user1262,17,M,123456,4
1263,user1263,78,M,123456,10
1265,user1265,41,F,123456,20
1266,user1266,26,M,123456,4
1267,user1267,51,M,123456,15
1269,user1269,36,F,123456,13
1270,user1270,28,M,123456,6
1271,user1271,25,F,123456,6
1272,user1272,43,M,123456,20
1274,user1274,37,M,123456,7
1275,user1275,19,M,123456,17
1276,user1276,52,M,123456,17
1277,user1277,30,F,123456,0
1278,user1278,58,M,123456,4
1282,user1282,67,M,123456,1
1284,user1284,42,M,123456,16
1285,user1285,17,M,123456,4
1286,user1286,45,M,123456,17
1287,user1287,72,F,123456,7
1288,user1288,50,F,123456,19
1289,user1289,30,M,123456,6
1290,user1290,55,M,123456,0
1291,user1291,43,F,123456,0
1292,user1292,53,M,123456,7
1293,user1293,52,M,123456,5
1294,user1294,36,F,123456,20
1295,user1295,69,F,123456,6
1296,user1296,55,M,123456,0
1297,user1297,68,M,123456,7
1298,user1298,42,M,123456,6
1299,user1299,43,M,123456,14
1300,user1300,44,M,123456,10
1302,user1302,29,M,123456,4
1303,user1303,67,M,123456,19
1304,user1304,31,M,123456,14
1306,user1306,23,M,123456,3
1307,user1307,78,M,123456,13
1320,user1320,22,M,123456,4
1321,user1321,61,F,123456,14
1331,user1331,18,M,123456,0
1333,user1333,39,M,123456,17
1334,user1334,63,M,123456,7
1339,user1339,78,M,123456,18
1343,user1343,19,M,123456,14
1344,user1344,21,F,123456,9
1345,user1345,51,F,123456,2
1347,user1347,25,F,123456,1
1350,user1350,65,F,123456,0
1353,user1353,69,M,123456,10
1356,user1356,44,F,123456,4
1357,user1357,52,M,123456,0
1358,user1358,54,M,123456,17
1370,user1370,26,M,123456,2
1372,user1372,72,M,123456,10
1374,user1374,77,M,123456,1
1375,user1375,53,F,123456,5
1376,user1376,43,F,123456,1
1377,user1377,68,M,123456,16
1380,user1380,18,M,123456,10
1381,user1381,33,M,123456,11
1385,user1385,19,F,123456,5
1387,user1387,79,F,123456,13
1388,user1388,22,M,123456,20
1390,user1390,24,M,123456,16
1391,user1391,52,M,123456,15
1393,user1393,78,M,123456,4
1394,user1394,26,F,123456,3
1396,user1396,74,F,123456,12
1405,user1405,60,M,123456,13
1408,user1408,43,M,123456,0
1409,user1409,36,M,123456,4
1411,user1411,31,M,123456,1
1422,user1422,79,M,123456,17
1425,user1425,25,M,123456,10
1429,user1429,30,F,123456,3
1438,user1438,62,M,123456,2
1441,user1441,75,M,123456,16
1442,user1442,35,M,123456,2
1446,user1446,21,M,123456,12
1449,user1449,48,M,123456,20
1457,user1457,76,M,123456,1
1461,user1461,71,F,123456,0
1463,user1463,27,M,123456,16
1466,user1466,76,M,123456,4
1476,user1476,54,F,123456,0
1479,user1479,34,F,123456,2
1480,user1480,71,M,123456,20
1485,user1485,79,F,123456,9
1488,user1488,41,M,123456,7
1498,user1498,35,M,123456,4
1500,user1500,55,M,123456,17
1502,user1502,50,M,123456,4
1513,user1513,23,F,123456,16
1516,user1516,37,F,123456,12
1517,user1517,38,M,123456,0
1527,user1527,78,M,123456,10
1535,user1535,48,F,123456,20
1537,user1537,23,M,123456,20
1539,user1539,62,M,123456,3
1541,user1541,71,M,123456,17
1542,user1542,64,M,123456,17
1544,user1544,25,M,123456,12
1552,user1552,36,M,123456,20
1554,user1554,47,F,123456,12
1556,user1556,55,M,123456,4
1564,user1564,68,M,123456,1
1566,user1566,17,M,123456,16
1569,user1569,71,F,123456,13
1573,user1573,16,M,123456,0
1580,user1580,21,F,123456,4
1584,user1584,34,M,123456,19
1586,user1586,50,M,123456,7
1587,user1587,21,F,123456,3
1588,user1588,23,M,123456,11
1589,user1589,51,M,123456,0
1593,user1593,17,M,123456,16
1594,user1594,57,F,123456,20
1597,user1597,73,M,123456,12
1605,user1605,33,F,123456,0
1606,user1606,49,F,123456,3
1608,user1608,54,M,123456,11
1610,user1610,44,M,123456,11
1611,user1611,62,M,123456,0
1612,user1612,61,M,123456,17
1614,user1614,39,M,123456,0
1616,user1616,80,M,123456,0
1617,user1617,16,M,123456,12
1625,user1625,61,M,123456,0
1627,user1627,34,M,123456,17
1629,user1629,65,M,123456,4
1633,user1633,36,F,123456,7
1635,user1635,20,M,123456,0
1639,user1639,68,M,123456,17
1640,user1640,39,M,123456,17
1641,user1641,42,M,123456,0
1643,user1643,53,M,123456,2
1644,user1644,26,M,123456,12
1645,user1645,42,F,123456,9
1648,user1648,59,M,123456,14
1653,user1653,49,M,123456,0
1658,user1658,58,F,123456,6
1663,user1663,27,M,123456,4
1673,user1673,74,M,123456,10
1674,user1674,56,M,123456,2
1676,user1676,34,M,123456,4
1678,user1678,31,F,123456,17
1680,user1680,49,M,123456,20
1682,user1682,25,M,123456,2
1683,user1683,20,F,123456,7
1687,user1687,78,M,123456,3
1688,user1688,24,F,123456,4
1689,user1689,24,M,123456,5
1690,user1690,39,M,123456,16
1694,user1694,56,M,123456,12
1699,user1699,21,F,123456,19
1703,user1703,72,M,123456,15
1704,user1704,70,M,123456,4
1711,user1711,41,F,123456,4
1713,user1713,31,M,123456,0
1717,user1717,34,F,123456,6
1721,user1721,30,M,123456,19
1722,user1722,54,M,123456,0
1729,user1729,34,M,123456,7
1732,user1732,52,M,123456,4
1733,user1733,52,M,123456,14
1734,user1734,78,M,123456,17
1735,user1735,50,M,123456,20
1747,user1747,47,M,123456,0
1748,user1748,27,M,123456,1
1754,user1754,41,M,123456,19
1767,user1767,20,M,123456,20
1769,user1769,24,M,123456,17
1772,user1772,55,M,123456,2
1777,user1777,53,M,123456,20
1779,user1779,65,M,123456,1
1783,user1783,18,M,123456,4
1784,user1784,42,M,123456,20
1785,user1785,39,M,123456,4
1788,user1788,60,M,123456,2
1792,user1792,41,F,123456,2
1794,user1794,50,M,123456,11
1799,user1799,52,M,123456,11
1801,user1801,79,F,123456,6
1806,user1806,56,M,123456,4
1810,user1810,42,M,123456,13
1812,user1812,34,F,123456,12
1821,user1821,29,M,123456,20
1827,user1827,68,F,123456,1
1831,user1831,73,M,123456,4
1833,user1833,46,M,123456,17
1834,user1834,26,M,123456,5
1835,user1835,50,M,123456,19
1840,user1840,71,M,123456,12
1845,user1845,74,M,123456,2
1855,user1855,68,M,123456,4
1856,user1856,56,M,123456,7
1858,user1858,63,F,123456,4
1859,user1859,77,F,123456,4
1873,user1873,29,M,123456,7
1876,user1876,71,M,123456,12
1880,user1880,49,M,123456,0
1882,user1882,40,M,123456,16
1883,user1883,66,F,123456,0
1884,user1884,51,M,123456,20
1885,user1885,70,M,123456,17
1888,user1888,26,M,123456,12
1895,user1895,31,M,123456,14
1896,user1896,62,M,123456,13
1904,user1904,46,M,123456,1
1909,user1909,48,M,123456,4
1910,user1910,57,M,123456,10
1911,user1911,53,F,123456,4
1912,user1912,38,M,123456,4
1914,user1914,32,F,123456,14
1916,user1916,63,M,123456,7
1917,user1917,53,M,123456,10
1921,user1921,57,M,123456,12
1923,user1923,36,M,123456,7
1927,user1927,69,M,123456,7
1942,user1942,40,M,123456,5
1945,user1945,24,M,123456,20
1947,user1947,46,M,123456,7
1949,user1949,62,M,123456,17
1952,user1952,59,M,123456,1
1953,user1953,36,F,123456,2
1954,user1954,67,M,123456,16
1955,user1955,61,M,123456,19
1957,user1957,44,F,123456,4
1958,user1958,66,F,123456,1
1959,user1959,37,F,123456,13
1961,user1961,76,F,123456,3
1962,user1962,68,F,123456,1
1963,user1963,54,F,123456,9
1965,user1965,68,M,123456,17
1966,user1966,75,M,123456,20
1967,user1967,21,M,123456,7
1968,user1968,23,M,123456,11
1974,user1974,52,M,123456,17
1976,user1976,25,M,123456,5
1977,user1977,16,M,123456,6
1982,user1982,29,M,123456,10
1991,user1991,39,M,123456,20
1994,user1994,62,M,123456,2
1997,user1997,39,M,123456,0
1998,user1998,27,F,123456,9
2000,user2000,61,M,123456,4
2001,user2001,44,M,123456,1
2002,user2002,27,F,123456,13
2003,user2003,69,M,123456,10
2004,user2004,33,M,123456,19
2005,user2005,29,M,123456,4
2006,user2006,41,M,123456,0
2009,user2009,66,F,123456,7
2011,user2011,46,F,123456,3
2012,user2012,76,M,123456,4
2014,user2014,51,M,123456,4
2017,user2017,39,M,123456,17
2018,user2018,22,M,123456,16
2019,user2019,36,M,123456,1
2020,user2020,63,M,123456,7
2021,user2021,80,M,123456,0
2023,user2023,74,M,123456,4
2028,user2028,73,M,123456,6
2041,user2041,68,F,123456,20
2042,user2042,45,M,123456,10
2046,user2046,33,M,123456,1
2053,user2053,48,M,123456,11
2054,user2054,76,M,123456,12
2058,user2058,36,F,123456,1
2059,user2059,20,M,123456,0
2064,user2064,29,M,123456,1
2067,user2067,49,M,123456,16
2072,user2072,78,F,123456,12
2073,user2073,23,F,123456,4
2078,user2078,47,M,123456,4
2080,user2080,79,M,123456,11
2081,user2081,59,M,123456,17
2082,user2082,67,M,123456,19
2085,user2085,69,M,123456,0
2089,user2089,68,M,123456,17
2090,user2090,78,M,123456,17
2091,user2091,79,F,123456,20
2094,user2094,31,M,123456,2
2097,user2097,22,M,123456,5
2100,user2100,28,F,123456,0
2102,user2102,26,M,123456,11
2105,user2105,18,M,123456,1
2106,user2106,71,F,123456,20
2108,user2108,64,M,123456,10
2109,user2109,54,M,123456,16
2110,user2110,36,M,123456,11
2111,user2111,72,M,123456,13
2115,user2115,47,M,123456,17
2116,user2116,21,M,123456,4
2117,user2117,71,M,123456,13
2122,user2122,49,M,123456,12
2124,user2124,44,M,123456,0
2125,user2125,17,M,123456,3
2126,user2126,47,M,123456,14
2132,user2132,36,M,123456,14
2133,user2133,68,F,123456,10
2134,user2134,74,M,123456,10
2135,user2135,78,M,123456,1
2137,user2137,18,F,123456,10
2138,user2138,70,F,123456,4
2139,user2139,31,F,123456,3
2140,user2140,72,M,123456,14
2141,user2141,31,F,123456,16
2143,user2143,25,M,123456,4
2144,user2144,57,M,123456,0
2145,user2145,40,M,123456,10
2146,user2146,22,M,123456,2
2147,user2147,24,F,123456,0
2148,user2148,60,F,123456,0
2150,user2150,20,F,123456,4
2154,user2154,62,M,123456,12
2155,user2155,70,F,123456,10
2159,user2159,57,F,123456,14
2160,user2160,75,F,123456,19
2161,user2161,62,F,123456,2
2163,user2163,39,M,123456,0
2167,user2167,55,F,123456,6
2174,user2174,69,M,123456,12
2189,user2189,51,M,123456,10
2193,user2193,62,M,123456,10
2194,user2194,76,M,123456,17
2195,user2195,59,M,123456,10
2231,user2231,65,M,123456,11
2236,user2236,74,M,123456,10
2243,user2243,37,M,123456,2
2245,user2245,20,M,123456,10
2247,user2247,26,M,123456,2
2248,user2248,38,F,123456,12
2249,user2249,73,M,123456,5
2259,user2259,48,F,123456,16
2261,user2261,72,M,123456,5
2262,user2262,63,M,123456,17
2263,user2263,80,M,123456,6
2265,user2265,62,M,123456,13
2266,user2266,26,F,123456,2
2268,user2268,42,F,123456,1
2269,user2269,61,F,123456,0
2273,user2273,73,M,123456,6
2278,user2278,59,M,123456,17
2280,user2280,40,M,123456,6
2282,user2282,70,M,123456,2
2289,user2289,62,F,123456,1
2291,user2291,70,M,123456,1
2300,user2300,16,M,123456,13
2301,user2301,52,F,123456,12
2302,user2302,19,M,123456,12
2303,user2303,35,M,123456,17
2312,user2312,23,M,123456,0
2313,user2313,37,F,123456,6
2316,user2316,77,M,123456,0
2320,user2320,74,F,123456,1
2321,user2321,65,M,123456,7
2324,user2324,61,M,123456,17
2329,user2329,54,F,123456,15
2331,user2331,76,M,123456,1
2333,user2333,72,M,123456,6
2334,user2334,21,F,123456,7
2335,user2335,45,M,123456,17
2336,user2336,53,M,123456,18
2338,user2338,50,M,123456,17
2340,user2340,75,M,123456,2
2344,user2344,58,M,123456,12
2348,user2348,44,M,123456,12
2352,user2352,77,M,123456,13
2353,user2353,78,F,123456,9
2355,user2355,69,F,123456,9
2359,user2359,22,M,123456,13
2360,user2360,74,M,123456,6
2361,user2361,48,M,123456,7
2363,user2363,16,M,123456,14
2366,user2366,36,F,123456,16
2369,user2369,25,M,123456,14
2370,user2370,66,M,123456,1
2371,user2371,19,F,123456,7
2374,user2374,35,M,123456,14
2375,user2375,20,F,123456,7
2376,user2376,41,M,123456,1
2378,user2378,69,M,123456,3
2379,user2379,68,M,123456,18
2380,user2380,47,M,123456,4
2382,user2382,40,M,123456,13
2383,user2383,69,F,123456,14
2384,user2384,63,M,123456,17
2387,user2387,80,M,123456,17
2390,user2390,28,F,123456,6
2391,user2391,49,M,123456,18
2392,user2392,73,F,123456,3
2393,user2393,73,M,123456,13
2394,user2394,45,M,123456,6
2395,user2395,35,M,123456,7
2396,user2396,24,F,123456,0
2403,user2403,71,M,123456,4
2404,user2404,62,M,123456,7
2405,user2405,38,M,123456,8
2406,user2406,69,F,123456,12
2407,user2407,54,M,123456,16
2409,user2409,56,F,123456,9
2411,user2411,18,F,123456,14
2412,user2412,37,M,123456,13
2413,user2413,68,F,123456,7
2414,user2414,36,M,123456,1
2416,user2416,23,M,123456,7
2418,user2418,74,F,123456,10
2420,user2420,42,M,123456,7
2421,user2421,75,M,123456,7
2422,user2422,17,F,123456,9
2423,user2423,79,F,123456,9
2424,user2424,74,M,123456,17
2427,user2427,51,F,123456,14
2428,user2428,68,M,123456,17
2429,user2429,58,M,123456,2
2432,user2432,80,M,123456,4
2433,user2433,22,M,123456,4
2434,user2434,78,M,123456,4
2439,user2439,16,M,123456,17
2447,user2447,53,M,123456,14
2450,user2450,79,M,123456,16
2455,user2455,79,M,123456,7
2457,user2457,63,M,123456,0
2458,user2458,77,M,123456,7
2459,user2459,33,M,123456,7
2463,user2463,27,M,123456,7
2467,user2467,50,M,123456,10
2469,user2469,74,M,123456,4
2470,user2470,18,M,123456,18
2471,user2471,41,M,123456,13
2473,user2473,47,M,123456,12
2476,user2476,26,M,123456,12
2478,user2478,54,M,123456,1
2482,user2482,35,F,123456,3
2485,user2485,77,M,123456,14
2490,user2490,30,M,123456,12
2495,user2495,47,F,123456,4
2499,user2499,30,M,123456,0
2501,user2501,63,M,123456,15
2502,user2502,24,M,123456,13
2506,user2506,38,F,123456,14
2518,user2518,24,M,123456,7
2527,user2527,58,M,123456,15
2528,user2528,24,M,123456,0
2529,user2529,79,F,123456,9
2539,user2539,22,M,123456,7
2541,user2541,64,F,123456,5
2542,user2542,80,F,123456,13
2555,user2555,59,M,123456,7
2558,user2558,42,M,123456,17
2560,user2560,79,F,123456,6
2567,user2567,78,M,123456,0
2568,user2568,48,M,123456,17
2571,user2571,68,M,123456,17
2572,user2572,53,M,123456,14
2580,user2580,39,F,123456,1
2581,user2581,28,M,123456,11
2594,user2594,34,M,123456,7
2596,user2596,57,M,123456,7
2599,user2599,35,M,123456,12
2605,user2605,23,M,123456,7
2611,user2611,33,M,123456,3
2616,user2616,32,M,123456,7
2617,user2617,51,F,123456,15
2621,user2621,76,M,123456,0
2622,user2622,19,F,123456,6
2628,user2628,35,F,123456,2
2629,user2629,50,M,123456,11
2639,user2639,45,F,123456,6
2640,user2640,16,M,123456,12
2641,user2641,51,M,123456,6
2642,user2642,47,M,123456,0
2643,user2643,32,M,123456,17
2654,user2654,77,F,123456,9
2657,user2657,57,F,123456,10
2662,user2662,38,M,123456,17
2671,user2671,38,F,123456,12
2672,user2672,25,M,123456,7
2677,user2677,54,F,123456,7
2683,user2683,79,M,123456,7
2686,user2686,51,M,123456,0
2687,user2687,77,M,123456,10
2688,user2688,38,M,123456,17
2692,user2692,68,F,123456,4
2693,user2693,55,M,123456,13
2694,user2694,44,M,123456,4
2696,user2696,47,M,123456,7
2699,user2699,17,F,123456,13
2700,user2700,45,M,123456,7
2701,user2701,57,M,123456,1
2706,user2706,61,F,123456,1
2710,user2710,69,M,123456,17
2712,user2712,32,F,123456,19
2713,user2713,52,M,123456,7
2716,user2716,37,F,123456,4
2717,user2717,51,M,123456,4
2718,user2718,57,F,123456,4
2720,user2720,41,M,123456,0
2721,user2721,68,M,123456,14
2722,user2722,25,M,123456,7
2723,user2723,65,F,123456,9
2724,user2724,55,F,123456,2
2725,user2725,54,M,123456,7
2728,user2728,36,M,123456,12
2730,user2730,50,M,123456,11
2731,user2731,45,M,123456,7
2734,user2734,56,F,123456,4
2735,user2735,38,M,123456,7
2736,user2736,19,M,123456,12
2744,user2744,43,M,123456,17
2746,user2746,36,M,123456,14
2747,user2747,60,F,123456,4
2757,user2757,33,M,123456,2
2759,user2759,30,M,123456,7
2761,user2761,41,M,123456,6
2762,user2762,51,M,123456,16
2763,user2763,62,F,123456,4
2764,user2764,75,M,123456,7
2769,user2769,74,M,123456,7
2770,user2770,21,M,123456,1
2779,user2779,60,M,123456,7
2788,user2788,20,M,123456,1
2791,user2791,66,M,123456,7
2792,user2792,57,M,123456,4
2794,user2794,69,M,123456,2
2795,user2795,26,M,123456,13
2796,user2796,58,M,123456,14
2797,user2797,71,F,123456,7
2798,user2798,70,M,123456,20
2802,user2802,79,M,123456,20
2804,user2804,77,F,123456,0
2805,user2805,41,M,123456,19
2806,user2806,56,M,123456,10
2812,user2812,62,M,123456,17
2820,user2820,70,F,123456,0
2822,user2822,42,M,123456,7
2826,user2826,21,M,123456,12
2827,user2827,49,M,123456,17
2828,user2828,23,M,123456,4
2836,user2836,42,M,123456,12
2852,user2852,71,M,123456,12
2856,user2856,68,M,123456,11
2857,user2857,34,M,123456,0
2858,user2858,48,F,123456,10
2859,user2859,26,M,123456,1
2863,user2863,64,F,123456,2
2867,user2867,79,M,123456,17
2871,user2871,54,F,123456,14
2872,user2872,33,M,123456,20
2875,user2875,49,M,123456,2
2879,user2879,47,M,123456,4
2881,user2881,69,F,123456,12
2883,user2883,76,M,123456,20
2888,user2888,18,M,123456,14
2890,user2890,18,M,123456,7
2893,user2893,80,M,123456,1
2906,user2906,45,M,123456,19
2908,user2908,67,M,123456,2
2912,user2912,49,F,123456,4
2915,user2915,42,M,123456,7
2916,user2916,32,M,123456,2
2917,user2917,55,M,123456,0
2918,user2918,62,M,123456,12
2919,user2919,22,M,123456,17
2920,user2920,70,M,123456,2
2942,user2942,34,F,123456,1
2943,user2943,21,M,123456,12
2944,user2944,51,F,123456,4
2947,user2947,56,F,123456,0
2948,user2948,46,M,123456,14
2949,user2949,78,M,123456,17
2950,user2950,25,M,123456,0
2951,user2951,59,F,123456,14
2952,user2952,68,M,123456,4
2953,user2953,47,M,123456,20
2959,user2959,22,M,123456,17
2962,user2962,56,M,123456,3
2966,user2966,32,F,123456,4
2968,user2968,23,F,123456,0
2969,user2969,59,M,123456,7
2972,user2972,44,M,123456,4
2973,user2973,74,F,123456,4
2975,user2975,62,M,123456,11
2976,user2976,38,M,123456,20
2985,user2985,24,M,123456,4
2986,user2986,52,M,123456,4
2987,user2987,69,M,123456,4
2989,user2989,18,M,123456,12
2990,user2990,50,M,123456,12
2991,user2991,26,M,123456,1
2993,user2993,60,M,123456,19
2997,user2997,69,F,123456,16
3000,user3000,68,M,123456,4
3004,user3004,29,F,123456,4
3005,user3005,18,M,123456,17
3006,user3006,41,M,123456,4
3007,user3007,40,M,123456,0
3016,user3016,68,M,123456,12
3017,user3017,65,F,123456,9
3020,user3020,49,F,123456,7
3028,user3028,39,M,123456,10
3030,user3030,22,M,123456,1
3032,user3032,72,M,123456,0
3033,user3033,30,M,123456,4
3034,user3034,49,F,123456,1
3035,user3035,38,F,123456,7
3036,user3036,45,M,123456,13
3037,user3037,28,F,123456,2
3039,user3039,78,F,123456,3
3040,user3040,47,M,123456,8
3044,user3044,48,M,123456,16
3052,user3052,56,M,123456,12
3053,user3053,37,F,123456,3
3055,user3055,33,F,123456,3
3056,user3056,65,M,123456,18
3060,user3060,50,F,123456,1
3062,user3062,27,M,123456,4
3063,user3063,47,M,123456,4
3067,user3067,19,F,123456,0
3068,user3068,19,F,123456,9
3070,user3070,55,F,123456,4
3071,user3071,56,M,123456,1
3072,user3072,59,M,123456,1
3074,user3074,34,M,123456,0
3077,user3077,17,M,123456,4
3081,user3081,65,M,123456,7
3082,user3082,55,F,123456,6
3083,user3083,17,F,123456,0
3087,user3087,24,F,123456,1
3088,user3088,39,F,123456,4
3089,user3089,49,M,123456,16
3095,user3095,50,F,123456,3
3098,user3098,20,M,123456,4
3100,user3100,32,F,123456,6
3101,user3101,24,M,123456,15
3103,user3103,41,M,123456,20
3104,user3104,50,M,123456,17
3105,user3105,42,M,123456,12
3107,user3107,78,M,123456,17
3108,user3108,67,M,123456,6
3113,user3113,25,M,123456,10
3114,user3114,66,M,123456,5
3117,user3117,62,M,123456,0
3120,user3120,61,M,123456,4
3129,user3129,38,M,123456,7
3130,user3130,73,M,123456,7
3135,user3135,23,M,123456,15
3142,user3142,56,M,123456,20
3147,user3147,70,M,123456,14
3148,user3148,80,M,123456,20
3152,user3152,21,M,123456,4
3153,user3153,63,F,123456,4
3155,user3155,45,M,123456,7
3156,user3156,48,M,123456,7
3157,user3157,55,M,123456,12
3160,user3160,75,M,123456,17
3163,user3163,22,M,123456,15
3168,user3168,55,F,123456,5
3173,user3173,23,M,123456,12
3174,user3174,51,F,123456,14
3175,user3175,28,M,123456,16
3176,user3176,56,M,123456,17
3178,user3178,52,F,123456,5
3179,user3179,59,F,123456,20
3182,user3182,59,M,123456,12
3185,user3185,27,M,123456,7
3189,user3189,62,M,123456,16
3192,user3192,56,M,123456,4
3194,user3194,17,M,123456,15
3197,user3197,72,F,123456,14
3201,user3201,57,M,123456,7
3203,user3203,60,M,123456,0
3206,user3206,18,M,123456,20
3208,user3208,57,M,123456,14
3210,user3210,55,F,123456,0
3219,user3219,43,F,123456,4
3225,user3225,30,M,123456,0
3243,user3243,30,M,123456,12
3246,user3246,70,F,123456,1
3247,user3247,22,M,123456,15
3248,user3248,43,F,123456,7
3249,user3249,34,F,123456,4
3250,user3250,39,M,123456,4
3252,user3252,58,M,123456,0
3253,user3253,76,F,123456,4
3254,user3254,30,F,123456,6
3255,user3255,20,F,123456,15
3256,user3256,80,M,123456,15
3257,user3257,48,M,123456,14
3258,user3258,48,M,123456,6
3259,user3259,60,F,123456,4
3261,user3261,32,M,123456,20
3263,user3263,74,M,123456,11
3264,user3264,45,F,123456,1
3265,user3265,32,M,123456,15
3267,user3267,47,M,123456,4
3268,user3268,53,M,123456,12
3269,user3269,79,F,123456,20
3271,user3271,26,F,123456,0
3272,user3272,30,M,123456,0
3274,user3274,19,M,123456,20
3275,user3275,72,M,123456,7
3287,user3287,30,M,123456,13
3299,user3299,35,F,123456,4
3300,user3300,73,M,123456,5
3301,user3301,67,F,123456,2
3302,user3302,44,M,123456,17
3308,user3308,80,F,123456,20
3317,user3317,60,M,123456,4
3324,user3324,71,M,123456,17
3325,user3325,20,F,123456,14
3328,user3328,35,M,123456,19
3331,user3331,75,F,123456,7
3334,user3334,52,M,123456,0
3354,user3354,64,M,123456,7
3355,user3355,78,M,123456,1
3358,user3358,51,F,123456,1
3359,user3359,39,M,123456,20
3360,user3360,48,F,123456,0
3361,user3361,57,M,123456,4
3362,user3362,69,F,123456,0
3363,user3363,58,F,123456,9
3366,user3366,75,M,123456,14
3386,user3386,73,M,123456,4
3387,user3387,35,M,123456,1
3388,user3388,72,F,123456,1
3396,user3396,25,M,123456,12
3397,user3397,28,M,123456,5
3398,user3398,60,M,123456,20
3404,user3404,18,M,123456,8
3406,user3406,69,F,123456,7
3408,user3408,30,M,123456,17
3417,user3417,68,F,123456,2
3418,user3418,77,F,123456,3
3421,user3421,36,M,123456,7
3422,user3422,19,M,123456,5
3423,user3423,41,M,123456,7
3424,user3424,16,M,123456,6
3426,user3426,56,M,123456,20
3429,user3429,19,F,123456,7
3435,user3435,75,M,123456,1
3436,user3436,72,M,123456,0
3438,user3438,52,F,123456,0
3441,user3441,52,F,123456,14
3444,user3444,54,M,123456,14
3448,user3448,18,F,123456,3
3450,user3450,60,M,123456,5
3451,user3451,29,F,123456,11
3452,user3452,62,M,123456,14
3468,user3468,60,M,123456,20
3471,user3471,63,M,123456,4
3476,user3476,65,M,123456,0
3477,user3477,24,F,123456,1
3479,user3479,56,M,123456,4
3481,user3481,51,M,123456,4
3489,user3489,59,M,123456,4
3494,user3494,45,M,123456,1
3498,user3498,65,M,123456,17
3499,user3499,22,M,123456,3
3500,user3500,44,M,123456,7
3501,user3501,76,F,123456,7
3502,user3502,25,F,123456,7
3504,user3504,40,M,123456,7
3506,user3506,41,M,123456,12
3508,user3508,67,M,123456,4
3510,user3510,51,F,123456,4
3512,user3512,64,M,123456,17
3513,user3513,19,M,123456,16
3515,user3515,65,M,123456,3
3516,user3516,40,M,123456,4
3519,user3519,53,F,123456,14
3521,user3521,16,M,123456,0
3524,user3524,74,F,123456,0
3525,user3525,76,F,123456,4
3526,user3526,36,M,123456,2
3527,user3527,34,M,123456,0
3528,user3528,37,M,123456,5
3534,user3534,20,M,123456,17
3535,user3535,76,M,123456,18
3536,user3536,30,M,123456,4
3539,user3539,22,F,123456,4
3540,user3540,36,M,123456,17
3543,user3543,38,M,123456,17
3545,user3545,20,M,123456,12
3551,user3551,62,F,123456,0
3552,user3552,38,F,123456,2
3554,user3554,74,M,123456,15
3555,user3555,33,M,123456,7
3556,user3556,21,M,123456,17
3565,user3565,42,M,123456,18
3567,user3567,27,M,123456,14
3578,user3578,35,M,123456,3
3581,user3581,75,M,123456,1
3584,user3584,68,M,123456,0
3590,user3590,35,F,123456,15
3591,user3591,48,M,123456,6
3593,user3593,30,F,123456,9
3594,user3594,40,M,123456,0
3597,user3597,27,M,123456,17
3598,user3598,40,M,123456,1
3600,user3600,62,M,123456,20
3604,user3604,43,F,123456,10
3608,user3608,61,F,123456,9
3610,user3610,46,M,123456,6
3614,user3614,54,M,123456,0
3616,user3616,34,M,123456,0
3617,user3617,34,M,123456,7
3618,user3618,31,M,123456,17
3623,user3623,31,M,123456,11
3624,user3624,68,M,123456,12
3625,user3625,28,M,123456,10
3627,user3627,71,F,123456,1
3633,user3633,44,M,123456,18
3635,user3635,38,M,123456,1
3638,user3638,35,M,123456,2
3639,user3639,18,M,123456,4
3654,user3654,26,M,123456,17
3660,user3660,52,M,123456,7
3661,user3661,70,M,123456,12
3668,user3668,21,F,123456,7
3671,user3671,25,M,123456,4
3672,user3672,30,M,123456,5
3675,user3675,51,M,123456,7
3678,user3678,69,M,123456,0
3679,user3679,67,M,123456,4
3682,user3682,68,F,123456,1
3683,user3683,71,M,123456,2
3684,user3684,40,M,123456,17
3685,user3685,19,M,123456,5
3686,user3686,43,M,123456,7
3688,user3688,53,M,123456,6
3689,user3689,75,M,123456,0
3690,user3690,65,M,123456,0
3693,user3693,51,M,123456,15
3697,user3697,68,M,123456,15
3698,user3698,76,M,123456,7
3699,user3699,23,F,123456,3
3701,user3701,25,M,123456,1
3702,user3702,49,M,123456,15
3703,user3703,61,M,123456,12
3704,user3704,54,F,123456,0
3705,user3705,57,M,123456,7
3707,user3707,35,F,123456,0
3712,user3712,52,M,123456,17
3713,user3713,56,F,123456,7
3717,user3717,24,M,123456,17
3718,user3718,25,M,123456,17
3728,user3728,54,M,123456,4
3730,user3730,67,M,123456,1
3733,user3733,68,M,123456,4
3735,user3735,50,M,123456,0
3740,user3740,62,M,123456,5
3741,user3741,40,M,123456,0
3744,user3744,29,M,123456,0
3745,user3745,60,F,123456,9
3749,user3749,69,F,123456,0
3751,user3751,17,F,123456,12
3752,user3752,74,F,123456,1
3753,user3753,45,M,123456,7
3755,user3755,48,F,123456,14
3760,user3760,50,M,123456,0
3763,user3763,68,M,123456,2
3764,user3764,30,M,123456,1
3766,user3766,23,F,123456,1
3784,user3784,33,F,123456,1
3785,user3785,21,F,123456,20
3787,user3787,73,F,123456,0
3793,user3793,74,M,123456,4
3794,user3794,32,F,123456,4
3798,user3798,68,M,123456,7
3802,user3802,78,M,123456,0
3809,user3809,45,M,123456,6
3811,user3811,80,M,123456,15
3812,user3812,17,M,123456,17
3823,user3823,32,M,123456,7
3826,user3826,30,M,123456,1
3827,user3827,39,M,123456,2
3831,user3831,22,F,123456,6
3835,user3835,63,M,123456,7
3836,user3836,58,F,123456,8
3846,user3846,64,M,123456,0
3852,user3852,41,M,123456,16
3855,user3855,59,M,123456,17
3858,user3858,68,F,123456,9
3859,user3859,60,M,123456,0
3860,user3860,70,M,123456,17
3861,user3861,62,M,123456,4
3863,user3863,42,M,123456,0
3865,user3865,31,F,123456,10
3868,user3868,80,M,123456,12
3869,user3869,69,M,123456,17
3882,user3882,66,M,123456,14
3893,user3893,44,M,123456,6
3895,user3895,64,F,123456,0
3896,user3896,70,M,123456,0
3897,user3897,70,M,123456,17
3901,user3901,32,M,123456,14
3903,user3903,40,M,123456,0
3906,user3906,16,M,123456,17
3910,user3910,53,M,123456,20
3911,user3911,58,M,123456,0
3913,user3913,21,M,123456,17
3916,user3916,16,M,123456,4
3917,user3917,16,F,123456,9
3918,user3918,70,M,123456,18
3919,user3919,78,M,123456,0
3925,user3925,53,M,123456,12
3926,user3926,39,M,123456,2
3927,user3927,68,F,123456,16
3928,user3928,23,M,123456,0
3930,user3930,44,M,123456,3
3932,user3932,29,M,123456,7
3937,user3937,68,M,123456,2
3938,user3938,38,M,123456,2
3941,user3941,30,M,123456,17
3942,user3942,42,M,123456,4
3943,user3943,23,F,123456,7
3946,user3946,75,F,123456,12
3948,user3948,56,F,123456,12
3949,user3949,26,M,123456,0
3950,user3950,53,M,123456,4
3952,user3952,36,F,123456,1
1,user1,48,F,123456,10
